,Filename,Path,Initial_score,Score,Time
0,TSPB.csv,"[156, 91, 70, 51, 174, 188, 140, 148, 141, 130, 142, 138, 21, 192, 196, 117, 150, 162, 44, 71, 119, 59, 97, 107, 195, 8, 63, 82, 115, 69, 113, 2, 182, 172, 95, 190, 198, 135, 0, 57, 99, 66, 5, 34, 183, 197, 31, 101, 38, 103, 121, 179, 143, 122, 127, 24, 50, 154, 134, 25, 36, 165, 37, 137, 56, 88, 55, 153, 80, 157, 145, 79, 19, 33, 136, 61, 73, 185, 29, 16, 173, 52, 18, 132, 12, 189, 170, 181, 147, 159, 64, 129, 89, 58, 171, 114, 67, 45, 155, 3]",275684,72758,3.4868879318237305
1,TSPB.csv,"[57, 62, 80, 157, 145, 153, 4, 55, 88, 137, 99, 102, 37, 165, 36, 25, 154, 112, 152, 50, 24, 127, 121, 103, 38, 101, 31, 179, 143, 122, 197, 183, 34, 5, 167, 2, 182, 163, 40, 63, 82, 20, 115, 69, 141, 148, 140, 188, 70, 91, 51, 174, 161, 130, 142, 192, 196, 117, 150, 162, 155, 3, 156, 67, 114, 89, 129, 64, 159, 181, 170, 136, 73, 18, 52, 132, 185, 47, 189, 109, 12, 107, 97, 59, 119, 193, 71, 44, 84, 8, 16, 106, 172, 95, 190, 198, 135, 66, 169, 0]",272389,74555,3.399190664291382
2,TSPB.csv,"[185, 132, 12, 107, 109, 189, 47, 170, 181, 147, 159, 64, 129, 89, 58, 72, 85, 114, 67, 158, 162, 150, 71, 59, 119, 44, 117, 196, 192, 142, 161, 174, 91, 51, 140, 148, 130, 141, 113, 69, 115, 40, 82, 63, 8, 84, 52, 173, 16, 172, 182, 2, 5, 167, 198, 135, 66, 92, 122, 143, 127, 24, 121, 179, 197, 183, 34, 31, 101, 38, 103, 50, 99, 57, 137, 37, 165, 112, 154, 134, 25, 36, 88, 55, 4, 153, 80, 157, 145, 79, 120, 190, 19, 6, 33, 29, 18, 73, 61, 136]",272631,73086,3.530510902404785
3,TSPB.csv,"[66, 169, 57, 116, 99, 137, 37, 165, 123, 154, 134, 25, 36, 194, 88, 55, 153, 80, 157, 145, 79, 151, 135, 198, 190, 19, 33, 136, 61, 73, 185, 132, 29, 18, 65, 52, 12, 107, 97, 139, 71, 119, 59, 147, 159, 64, 129, 89, 58, 72, 85, 114, 67, 162, 150, 44, 117, 196, 192, 21, 142, 174, 51, 91, 70, 140, 148, 130, 141, 69, 115, 82, 63, 8, 16, 172, 95, 163, 182, 2, 167, 5, 11, 34, 183, 197, 179, 31, 101, 38, 103, 131, 50, 24, 127, 121, 143, 122, 26, 128]",263083,71628,3.4754600524902344
4,TSPB.csv,"[162, 67, 45, 3, 156, 91, 51, 174, 161, 140, 148, 130, 141, 69, 115, 40, 172, 95, 182, 2, 167, 5, 128, 34, 183, 197, 143, 179, 31, 101, 38, 103, 131, 152, 50, 24, 121, 127, 122, 92, 26, 66, 169, 135, 198, 19, 190, 57, 0, 99, 37, 165, 137, 88, 55, 153, 80, 157, 145, 136, 61, 73, 185, 132, 18, 16, 52, 7, 8, 63, 82, 53, 142, 192, 196, 117, 150, 44, 71, 119, 59, 139, 107, 12, 189, 170, 181, 187, 87, 147, 159, 35, 89, 64, 129, 58, 72, 114, 85, 166]",269457,73914,3.4343011379241943
5,TSPB.csv,"[162, 158, 126, 67, 156, 91, 70, 51, 174, 188, 140, 148, 141, 130, 142, 96, 32, 113, 69, 115, 2, 182, 172, 95, 168, 19, 190, 198, 135, 169, 66, 128, 5, 34, 183, 197, 92, 122, 143, 179, 31, 101, 121, 24, 127, 99, 37, 165, 112, 154, 134, 25, 36, 88, 55, 4, 153, 137, 57, 80, 157, 145, 79, 136, 73, 185, 132, 18, 52, 65, 16, 8, 63, 82, 84, 138, 60, 192, 196, 117, 150, 44, 124, 71, 119, 59, 107, 12, 189, 170, 181, 147, 159, 64, 129, 89, 58, 72, 114, 166]",277490,73683,3.701874017715454
6,TSPB.csv,"[99, 57, 190, 198, 135, 66, 5, 2, 182, 163, 40, 115, 69, 113, 32, 96, 149, 53, 82, 63, 8, 16, 172, 74, 95, 18, 132, 52, 12, 107, 97, 119, 71, 44, 117, 196, 192, 21, 142, 130, 141, 148, 140, 188, 161, 174, 51, 91, 156, 45, 67, 126, 158, 150, 162, 114, 171, 58, 129, 89, 159, 147, 64, 166, 59, 189, 181, 170, 185, 73, 136, 145, 157, 80, 153, 4, 55, 88, 137, 37, 165, 123, 194, 36, 25, 134, 154, 112, 50, 24, 127, 121, 103, 38, 101, 31, 34, 179, 143, 122]",269039,73382,3.80656099319458
7,TSPB.csv,"[21, 192, 142, 13, 130, 141, 148, 140, 161, 174, 51, 91, 156, 78, 67, 126, 114, 158, 162, 150, 117, 196, 44, 71, 193, 119, 59, 166, 58, 89, 129, 64, 159, 147, 181, 170, 47, 189, 109, 132, 185, 73, 10, 61, 136, 145, 157, 153, 88, 36, 25, 154, 165, 37, 99, 50, 122, 127, 24, 121, 103, 38, 101, 31, 179, 143, 197, 183, 34, 5, 66, 169, 135, 198, 57, 137, 80, 190, 19, 33, 29, 18, 16, 52, 12, 107, 97, 84, 82, 63, 8, 172, 95, 182, 2, 115, 69, 113, 53, 138]",267141,73082,3.8599910736083984
8,TSPB.csv,"[71, 59, 119, 193, 139, 97, 107, 12, 109, 189, 87, 64, 129, 58, 89, 159, 147, 181, 170, 185, 132, 52, 18, 33, 73, 136, 79, 151, 145, 157, 80, 153, 55, 88, 36, 25, 154, 165, 37, 137, 99, 43, 50, 24, 121, 101, 31, 179, 143, 127, 122, 92, 26, 197, 183, 34, 5, 167, 128, 66, 169, 0, 57, 135, 198, 190, 19, 95, 172, 163, 182, 2, 115, 82, 40, 16, 8, 63, 138, 142, 130, 141, 148, 140, 188, 174, 51, 70, 91, 192, 60, 196, 117, 44, 150, 162, 158, 67, 114, 166]",265139,73283,3.5678389072418213
9,TSPB.csv,"[12, 107, 193, 117, 196, 192, 91, 51, 174, 140, 148, 141, 130, 142, 53, 32, 113, 69, 115, 20, 82, 63, 8, 52, 132, 185, 18, 16, 163, 172, 95, 198, 135, 57, 0, 169, 66, 5, 34, 183, 197, 92, 122, 143, 179, 127, 24, 121, 31, 101, 38, 103, 131, 152, 50, 99, 137, 37, 165, 154, 134, 25, 36, 88, 55, 4, 153, 160, 80, 157, 145, 79, 190, 19, 29, 33, 73, 61, 136, 170, 47, 189, 181, 147, 159, 35, 64, 129, 89, 58, 72, 85, 114, 67, 162, 150, 44, 71, 119, 59]",276211,72034,3.880647897720337
10,TSPB.csv,"[32, 184, 113, 69, 115, 82, 63, 196, 117, 150, 162, 44, 71, 119, 59, 107, 12, 132, 52, 65, 8, 172, 16, 18, 185, 33, 190, 198, 135, 182, 2, 5, 66, 169, 57, 99, 122, 143, 179, 197, 183, 34, 31, 101, 38, 103, 131, 121, 127, 24, 50, 112, 154, 134, 25, 36, 194, 165, 37, 102, 146, 137, 56, 88, 55, 4, 153, 80, 157, 145, 79, 136, 61, 73, 170, 181, 147, 159, 64, 129, 89, 58, 114, 126, 67, 45, 78, 156, 91, 70, 51, 174, 140, 148, 141, 130, 142, 53, 149, 96]",268174,73203,3.61470627784729
11,TSPB.csv,"[2, 182, 172, 16, 8, 63, 82, 115, 30, 69, 113, 32, 53, 142, 130, 141, 148, 140, 174, 51, 70, 91, 67, 114, 166, 85, 72, 171, 58, 89, 129, 64, 159, 147, 181, 170, 189, 109, 12, 107, 59, 119, 71, 44, 162, 150, 117, 196, 192, 60, 84, 52, 132, 185, 18, 29, 33, 73, 136, 19, 190, 145, 157, 80, 153, 4, 55, 88, 137, 165, 36, 25, 154, 112, 152, 50, 24, 127, 121, 103, 38, 42, 101, 31, 179, 143, 122, 197, 183, 34, 26, 99, 57, 0, 198, 135, 169, 66, 5, 167]",270748,71193,3.575939893722534
12,TSPB.csv,"[87, 187, 181, 170, 47, 189, 109, 132, 185, 73, 136, 79, 145, 157, 80, 153, 55, 88, 137, 37, 165, 36, 25, 134, 154, 112, 50, 131, 103, 38, 42, 101, 31, 121, 24, 127, 122, 143, 179, 197, 183, 34, 5, 66, 169, 0, 99, 57, 135, 198, 190, 19, 33, 29, 18, 16, 172, 74, 95, 133, 2, 182, 163, 115, 113, 32, 69, 82, 63, 8, 14, 52, 12, 107, 97, 59, 119, 193, 71, 44, 162, 150, 117, 196, 142, 130, 141, 148, 140, 174, 51, 91, 67, 114, 72, 89, 129, 64, 159, 147]",247299,70539,3.702726125717163
13,TSPB.csv,"[121, 24, 127, 122, 92, 27, 66, 169, 57, 99, 43, 50, 108, 131, 38, 103, 125, 152, 94, 112, 154, 134, 25, 36, 165, 37, 137, 88, 55, 4, 153, 80, 157, 145, 19, 190, 198, 135, 95, 172, 16, 29, 18, 132, 185, 159, 64, 129, 89, 72, 114, 158, 67, 156, 91, 51, 174, 161, 140, 148, 141, 130, 142, 192, 155, 162, 150, 117, 196, 44, 71, 119, 59, 107, 12, 52, 65, 14, 8, 63, 20, 82, 69, 32, 113, 115, 163, 2, 182, 54, 167, 5, 34, 183, 197, 143, 179, 31, 101, 1]",265797,77484,3.516925096511841
14,TSPB.csv,"[196, 192, 117, 150, 162, 44, 71, 119, 59, 97, 107, 12, 132, 52, 14, 16, 172, 182, 2, 5, 66, 34, 183, 197, 122, 143, 179, 31, 101, 38, 103, 121, 127, 24, 50, 43, 99, 0, 57, 137, 41, 37, 165, 112, 154, 134, 25, 36, 88, 55, 153, 145, 79, 157, 80, 46, 135, 198, 190, 19, 6, 33, 29, 18, 185, 73, 61, 136, 170, 100, 189, 181, 147, 159, 64, 129, 89, 72, 114, 158, 67, 156, 91, 51, 174, 140, 148, 141, 130, 142, 53, 96, 32, 113, 69, 115, 82, 63, 8, 84]",268202,72525,3.2952489852905273
15,TSPB.csv,"[72, 114, 85, 166, 162, 126, 67, 78, 3, 156, 91, 70, 51, 174, 140, 148, 141, 130, 142, 32, 113, 69, 82, 115, 40, 172, 95, 182, 2, 5, 66, 122, 143, 127, 24, 121, 179, 34, 31, 101, 38, 103, 50, 99, 137, 37, 165, 154, 134, 25, 36, 88, 153, 157, 80, 57, 0, 135, 198, 190, 19, 145, 79, 136, 61, 73, 33, 29, 18, 185, 132, 52, 16, 8, 63, 60, 192, 196, 117, 150, 44, 71, 119, 59, 97, 107, 12, 109, 189, 170, 181, 87, 176, 147, 159, 64, 129, 89, 58, 171]",276436,72715,3.336059093475342
16,TSPB.csv,"[12, 107, 59, 119, 71, 44, 196, 117, 150, 162, 158, 155, 192, 174, 130, 142, 53, 141, 148, 140, 188, 83, 51, 70, 91, 156, 3, 78, 45, 67, 114, 58, 89, 129, 64, 159, 147, 181, 100, 170, 90, 136, 61, 73, 33, 145, 157, 80, 19, 190, 198, 135, 66, 169, 0, 57, 99, 137, 153, 55, 88, 36, 25, 134, 154, 165, 37, 50, 127, 122, 143, 179, 121, 24, 103, 38, 101, 31, 34, 183, 197, 26, 5, 2, 182, 163, 95, 172, 40, 115, 82, 63, 8, 7, 52, 16, 18, 132, 185, 189]",273703,73655,3.1570780277252197
17,TSPB.csv,"[178, 128, 5, 2, 182, 167, 26, 92, 122, 127, 24, 121, 179, 143, 197, 183, 34, 31, 101, 38, 103, 131, 125, 50, 99, 112, 154, 134, 25, 36, 123, 165, 37, 137, 88, 55, 4, 153, 80, 157, 145, 79, 136, 73, 189, 12, 107, 138, 192, 196, 117, 150, 162, 44, 71, 119, 59, 147, 159, 64, 129, 89, 58, 171, 114, 67, 155, 156, 91, 51, 174, 188, 140, 148, 141, 130, 142, 69, 115, 82, 63, 8, 52, 132, 185, 29, 18, 16, 172, 95, 190, 198, 135, 46, 0, 57, 164, 169, 66, 144]",258031,74314,3.0251548290252686
18,TSPB.csv,"[2, 182, 133, 5, 34, 183, 197, 179, 121, 24, 127, 143, 122, 27, 66, 169, 99, 57, 46, 135, 198, 190, 120, 19, 95, 172, 16, 65, 52, 84, 8, 63, 82, 20, 40, 115, 69, 113, 53, 142, 130, 141, 148, 140, 174, 51, 70, 91, 156, 192, 196, 117, 44, 150, 162, 67, 114, 85, 89, 129, 64, 159, 147, 59, 119, 71, 139, 107, 12, 189, 170, 185, 132, 18, 29, 33, 73, 136, 79, 151, 145, 157, 80, 153, 55, 88, 137, 146, 37, 165, 36, 25, 154, 50, 131, 103, 38, 101, 31, 11]",281718,74684,3.7116847038269043
19,TSPB.csv,"[136, 61, 73, 177, 29, 18, 185, 132, 12, 107, 189, 170, 181, 147, 159, 64, 129, 89, 58, 72, 85, 114, 158, 67, 156, 91, 70, 51, 174, 161, 140, 148, 141, 130, 13, 142, 21, 192, 117, 150, 162, 71, 59, 119, 44, 196, 69, 113, 115, 82, 63, 8, 84, 52, 65, 16, 172, 182, 2, 133, 5, 34, 183, 197, 122, 143, 179, 31, 101, 38, 103, 121, 127, 24, 50, 116, 99, 102, 37, 165, 154, 134, 25, 36, 137, 88, 55, 153, 80, 157, 145, 79, 57, 169, 66, 135, 198, 190, 19, 33]",245433,71286,3.2098329067230225
20,TSPB.csv,"[59, 119, 193, 71, 124, 44, 117, 196, 192, 142, 174, 91, 51, 140, 148, 130, 141, 53, 113, 69, 115, 40, 82, 63, 8, 14, 173, 16, 168, 19, 190, 198, 135, 175, 57, 99, 169, 66, 128, 95, 74, 172, 163, 182, 2, 5, 34, 183, 197, 92, 122, 143, 179, 127, 24, 121, 101, 38, 103, 131, 50, 94, 112, 154, 134, 25, 36, 137, 88, 153, 80, 157, 145, 79, 136, 73, 33, 185, 132, 18, 52, 12, 107, 139, 97, 189, 170, 181, 147, 159, 64, 129, 89, 58, 114, 67, 156, 150, 162, 110]",279240,75713,3.198261022567749
21,TSPB.csv,"[128, 178, 5, 2, 182, 95, 172, 16, 115, 69, 113, 32, 96, 53, 82, 63, 8, 14, 52, 18, 132, 12, 107, 97, 139, 193, 119, 59, 71, 44, 162, 150, 117, 196, 192, 142, 130, 141, 148, 140, 174, 51, 70, 91, 156, 67, 114, 89, 129, 64, 159, 147, 181, 185, 73, 136, 79, 145, 153, 55, 88, 36, 25, 134, 154, 165, 37, 137, 56, 80, 157, 19, 190, 198, 135, 66, 169, 0, 15, 57, 99, 116, 111, 92, 122, 127, 121, 24, 50, 131, 103, 38, 101, 31, 179, 143, 197, 183, 34, 26]",261235,73060,3.069406032562256
22,TSPB.csv,"[95, 118, 54, 133, 182, 2, 17, 163, 172, 16, 14, 8, 63, 115, 113, 69, 82, 138, 142, 130, 141, 148, 140, 174, 51, 91, 156, 67, 114, 162, 150, 117, 196, 44, 71, 119, 59, 166, 85, 89, 129, 64, 159, 147, 181, 170, 189, 107, 12, 52, 132, 185, 18, 177, 29, 33, 73, 61, 136, 79, 145, 157, 80, 153, 4, 55, 88, 137, 102, 37, 165, 36, 25, 154, 50, 131, 103, 38, 101, 31, 179, 121, 24, 127, 122, 143, 197, 183, 34, 26, 5, 167, 66, 169, 99, 57, 135, 198, 190, 19]",259168,73214,3.4015297889709473
23,TSPB.csv,"[172, 29, 33, 73, 61, 136, 90, 170, 47, 189, 181, 187, 147, 159, 64, 129, 89, 58, 114, 67, 91, 70, 51, 174, 188, 140, 148, 141, 130, 142, 196, 117, 150, 162, 44, 71, 119, 59, 139, 97, 107, 109, 12, 52, 132, 185, 18, 16, 8, 63, 82, 115, 69, 32, 113, 2, 182, 133, 167, 5, 128, 34, 183, 197, 26, 92, 122, 143, 179, 31, 101, 38, 103, 131, 121, 127, 24, 50, 99, 146, 137, 37, 165, 154, 25, 36, 88, 55, 4, 153, 145, 157, 80, 57, 169, 66, 135, 198, 190, 95]",256192,70983,3.4077441692352295
24,TSPB.csv,"[183, 197, 122, 143, 179, 121, 127, 24, 50, 99, 57, 102, 37, 165, 137, 56, 160, 153, 4, 55, 88, 123, 36, 25, 134, 154, 112, 131, 103, 38, 42, 101, 31, 34, 5, 133, 2, 182, 172, 74, 95, 190, 19, 33, 29, 18, 52, 16, 14, 8, 63, 82, 115, 69, 113, 32, 141, 148, 140, 70, 91, 51, 174, 130, 142, 196, 117, 44, 71, 166, 150, 162, 67, 114, 58, 89, 129, 64, 159, 147, 181, 189, 59, 119, 193, 107, 12, 132, 185, 73, 136, 145, 157, 80, 198, 135, 169, 66, 144, 128]",277603,73792,3.439174175262451
25,TSPB.csv,"[66, 169, 99, 57, 80, 19, 190, 198, 135, 95, 172, 16, 8, 63, 82, 20, 115, 69, 113, 32, 13, 142, 130, 141, 148, 140, 161, 174, 51, 70, 91, 156, 45, 67, 126, 158, 162, 150, 117, 196, 44, 71, 114, 85, 58, 89, 129, 64, 159, 147, 181, 170, 47, 189, 87, 59, 119, 107, 12, 52, 132, 185, 18, 177, 29, 33, 73, 136, 79, 145, 157, 153, 4, 55, 88, 137, 37, 165, 194, 36, 25, 134, 154, 112, 50, 122, 143, 179, 127, 24, 121, 103, 38, 101, 31, 197, 183, 34, 5, 128]",250877,71563,3.3007240295410156
26,TSPB.csv,"[99, 37, 165, 36, 25, 154, 112, 49, 50, 127, 24, 131, 103, 38, 101, 31, 34, 183, 197, 179, 121, 143, 122, 169, 66, 5, 2, 182, 163, 40, 8, 63, 82, 115, 69, 113, 32, 142, 130, 141, 148, 140, 161, 174, 51, 91, 156, 3, 78, 45, 67, 162, 150, 117, 196, 44, 71, 114, 58, 89, 159, 147, 64, 129, 119, 59, 189, 181, 170, 136, 61, 73, 33, 29, 18, 185, 132, 12, 107, 97, 139, 84, 52, 65, 16, 172, 95, 135, 198, 190, 19, 79, 145, 157, 80, 153, 88, 137, 57, 0]",268362,71466,3.367885112762451
27,TSPB.csv,"[72, 85, 114, 110, 59, 119, 71, 44, 162, 150, 117, 196, 21, 192, 155, 67, 156, 91, 70, 51, 174, 140, 148, 141, 130, 142, 13, 53, 113, 69, 115, 82, 63, 8, 139, 107, 12, 52, 132, 18, 29, 33, 6, 16, 172, 95, 182, 2, 167, 5, 128, 135, 198, 190, 19, 157, 80, 57, 99, 169, 66, 26, 34, 183, 197, 122, 143, 179, 101, 38, 103, 131, 121, 127, 24, 50, 112, 154, 25, 36, 165, 37, 146, 137, 88, 153, 145, 136, 61, 73, 185, 189, 181, 147, 159, 64, 129, 89, 58, 171]",259720,71574,3.100750684738159
28,TSPB.csv,"[2, 182, 172, 95, 198, 135, 169, 66, 5, 34, 183, 197, 122, 143, 179, 31, 101, 121, 127, 24, 50, 112, 154, 25, 36, 165, 37, 116, 99, 57, 137, 88, 55, 153, 80, 157, 145, 190, 19, 33, 81, 185, 73, 136, 170, 189, 181, 147, 159, 64, 129, 89, 58, 72, 85, 114, 110, 28, 166, 59, 119, 71, 44, 150, 162, 126, 67, 78, 155, 156, 91, 70, 51, 174, 161, 140, 148, 141, 130, 142, 21, 192, 117, 196, 195, 107, 12, 109, 132, 18, 52, 65, 16, 8, 63, 82, 69, 115, 40, 163]",252058,73888,3.319999933242798
29,TSPB.csv,"[37, 165, 43, 50, 24, 127, 121, 179, 143, 122, 92, 111, 99, 77, 62, 57, 135, 198, 190, 19, 80, 157, 145, 79, 136, 73, 33, 29, 18, 185, 132, 52, 12, 107, 59, 119, 71, 44, 196, 117, 150, 162, 64, 159, 89, 129, 58, 85, 114, 67, 91, 51, 174, 140, 148, 141, 130, 142, 53, 82, 69, 32, 113, 30, 115, 63, 8, 16, 172, 95, 163, 2, 182, 75, 133, 5, 128, 66, 169, 26, 197, 183, 34, 31, 101, 38, 103, 131, 152, 94, 112, 154, 25, 36, 88, 55, 4, 153, 137, 146]",268093,74373,3.361720085144043
30,TSPB.csv,"[174, 83, 70, 91, 51, 192, 196, 117, 156, 67, 114, 72, 58, 89, 159, 147, 64, 129, 171, 85, 166, 162, 150, 44, 71, 59, 119, 193, 139, 97, 107, 12, 47, 189, 181, 170, 136, 73, 185, 132, 29, 18, 65, 52, 195, 7, 14, 16, 172, 95, 135, 198, 190, 19, 145, 157, 80, 153, 4, 55, 88, 36, 25, 154, 165, 37, 137, 99, 57, 169, 66, 143, 179, 121, 101, 31, 197, 183, 34, 5, 133, 2, 182, 163, 8, 63, 82, 115, 69, 113, 32, 184, 53, 142, 130, 141, 148, 140, 188, 161]",273888,75626,3.573859691619873
31,TSPB.csv,"[72, 85, 114, 67, 91, 51, 174, 140, 148, 141, 130, 142, 192, 196, 117, 150, 162, 44, 71, 119, 59, 107, 12, 52, 132, 185, 29, 18, 16, 14, 8, 63, 82, 69, 115, 172, 95, 163, 182, 2, 133, 5, 34, 183, 197, 92, 122, 143, 179, 127, 24, 121, 31, 101, 38, 103, 131, 152, 112, 50, 99, 102, 37, 165, 123, 154, 134, 25, 36, 137, 57, 164, 169, 66, 135, 198, 175, 46, 80, 55, 88, 4, 153, 157, 145, 79, 151, 190, 19, 6, 33, 73, 61, 136, 181, 159, 64, 129, 89, 58]",259840,74784,3.348008871078491
32,TSPB.csv,"[57, 0, 164, 135, 198, 190, 95, 172, 16, 52, 195, 139, 107, 12, 132, 18, 29, 33, 136, 73, 81, 185, 189, 170, 181, 147, 159, 64, 129, 89, 58, 59, 119, 71, 44, 150, 162, 114, 67, 117, 196, 60, 192, 3, 156, 91, 51, 174, 140, 148, 141, 130, 13, 142, 138, 84, 8, 63, 82, 115, 69, 2, 182, 5, 66, 169, 26, 122, 197, 183, 34, 31, 101, 38, 103, 131, 121, 179, 143, 127, 24, 50, 112, 154, 134, 25, 36, 68, 88, 55, 153, 145, 157, 80, 137, 165, 37, 102, 116, 99]",282490,74276,3.196131944656372
33,TSPB.csv,"[71, 44, 162, 150, 117, 196, 192, 142, 130, 141, 148, 140, 174, 51, 91, 156, 67, 158, 114, 72, 58, 89, 159, 147, 64, 129, 85, 166, 87, 181, 100, 170, 47, 189, 109, 185, 73, 136, 33, 168, 19, 190, 145, 157, 80, 153, 88, 137, 37, 165, 36, 25, 134, 154, 50, 24, 127, 121, 101, 31, 34, 183, 197, 179, 143, 122, 92, 99, 62, 57, 0, 46, 135, 198, 95, 172, 169, 66, 128, 5, 167, 133, 182, 2, 115, 82, 63, 8, 7, 84, 52, 65, 16, 18, 132, 12, 107, 59, 119, 193]",261315,74689,3.3705952167510986
34,TSPB.csv,"[72, 85, 114, 67, 126, 162, 150, 117, 155, 78, 156, 91, 70, 51, 174, 188, 140, 148, 141, 130, 142, 13, 53, 32, 113, 69, 115, 82, 63, 8, 84, 196, 44, 71, 119, 59, 107, 12, 52, 18, 16, 172, 95, 163, 182, 2, 5, 66, 169, 99, 137, 165, 37, 102, 50, 24, 121, 127, 122, 143, 179, 34, 31, 101, 38, 103, 112, 154, 25, 36, 88, 153, 145, 157, 80, 57, 135, 198, 190, 19, 120, 199, 29, 33, 136, 61, 73, 185, 132, 109, 189, 47, 170, 181, 147, 159, 64, 129, 89, 58]",267287,73323,2.9777209758758545
35,TSPB.csv,"[71, 119, 59, 107, 12, 52, 65, 16, 18, 132, 185, 73, 136, 33, 29, 168, 19, 190, 145, 157, 80, 153, 88, 137, 102, 37, 165, 194, 36, 25, 134, 154, 112, 50, 24, 127, 121, 131, 103, 38, 101, 31, 179, 143, 122, 92, 26, 197, 183, 34, 5, 144, 66, 169, 99, 77, 57, 175, 135, 198, 95, 172, 167, 2, 182, 163, 40, 8, 63, 82, 115, 69, 113, 53, 141, 148, 140, 70, 91, 51, 174, 130, 142, 192, 196, 117, 44, 150, 162, 156, 67, 126, 114, 85, 58, 89, 129, 64, 159, 147]",284215,73001,3.09220814704895
36,TSPB.csv,"[58, 72, 114, 67, 45, 156, 91, 51, 174, 161, 188, 140, 148, 141, 130, 142, 192, 82, 115, 63, 8, 16, 65, 173, 52, 18, 29, 120, 19, 190, 198, 135, 57, 99, 111, 50, 24, 127, 121, 143, 122, 92, 169, 66, 5, 34, 183, 197, 179, 1, 31, 101, 38, 103, 131, 125, 49, 94, 112, 154, 134, 25, 36, 165, 37, 137, 88, 55, 4, 153, 80, 157, 145, 79, 6, 33, 73, 136, 170, 189, 185, 132, 12, 107, 139, 59, 119, 71, 44, 196, 117, 150, 162, 158, 85, 129, 64, 147, 159, 89]",280904,75400,3.5399181842803955
37,TSPB.csv,"[119, 59, 12, 107, 71, 44, 162, 150, 117, 196, 192, 155, 158, 67, 156, 91, 70, 51, 174, 140, 148, 141, 130, 142, 53, 149, 32, 113, 69, 115, 82, 63, 8, 16, 172, 95, 163, 182, 2, 5, 34, 183, 197, 66, 169, 92, 122, 143, 179, 127, 121, 31, 101, 42, 38, 103, 131, 93, 24, 50, 43, 99, 137, 165, 154, 25, 36, 88, 55, 153, 80, 157, 145, 135, 198, 190, 19, 29, 33, 136, 61, 73, 81, 18, 65, 52, 132, 185, 189, 170, 181, 187, 147, 159, 64, 129, 89, 58, 114, 28]",271931,72714,3.3275198936462402
38,TSPB.csv,"[135, 198, 190, 19, 168, 29, 33, 6, 136, 61, 73, 185, 132, 189, 47, 170, 181, 147, 159, 64, 89, 129, 59, 12, 107, 119, 71, 44, 150, 162, 114, 67, 158, 117, 196, 142, 130, 140, 148, 141, 82, 115, 63, 8, 52, 18, 16, 172, 95, 163, 2, 182, 75, 133, 167, 5, 34, 183, 197, 179, 31, 101, 42, 38, 103, 131, 24, 127, 121, 143, 122, 92, 66, 169, 57, 62, 99, 116, 50, 152, 112, 154, 134, 25, 36, 194, 123, 165, 37, 137, 88, 55, 4, 153, 160, 145, 79, 157, 80, 46]",263442,75842,2.768670082092285
39,TSPB.csv,"[33, 19, 190, 198, 135, 95, 172, 163, 182, 2, 133, 167, 5, 34, 183, 197, 179, 143, 122, 66, 169, 57, 99, 50, 24, 127, 121, 101, 38, 103, 131, 112, 154, 25, 36, 165, 37, 137, 88, 55, 4, 153, 80, 157, 145, 79, 136, 73, 170, 181, 147, 159, 64, 129, 89, 58, 171, 72, 85, 114, 162, 150, 44, 71, 193, 119, 59, 12, 107, 196, 117, 155, 78, 67, 156, 192, 142, 130, 174, 91, 51, 140, 148, 141, 53, 113, 69, 115, 20, 82, 63, 8, 40, 16, 65, 52, 18, 132, 185, 29]",268280,71753,3.2813377380371094
40,TSPB.csv,"[192, 196, 117, 44, 150, 162, 158, 126, 67, 114, 58, 89, 129, 64, 159, 147, 181, 170, 189, 104, 59, 119, 71, 193, 139, 97, 107, 12, 132, 185, 18, 29, 168, 33, 73, 61, 136, 79, 145, 180, 157, 86, 19, 190, 198, 135, 66, 99, 137, 80, 153, 88, 36, 25, 154, 50, 24, 127, 121, 103, 38, 101, 31, 179, 143, 197, 183, 34, 5, 167, 2, 182, 95, 172, 16, 65, 52, 8, 63, 82, 40, 115, 69, 113, 32, 184, 138, 142, 130, 141, 148, 140, 188, 174, 51, 70, 91, 156, 3, 78]",254461,75208,3.115565061569214
41,TSPB.csv,"[156, 91, 70, 51, 174, 188, 140, 148, 141, 130, 142, 53, 149, 32, 113, 69, 115, 82, 63, 8, 14, 52, 16, 172, 182, 2, 75, 133, 167, 5, 34, 183, 197, 31, 101, 42, 38, 103, 121, 131, 152, 94, 112, 154, 25, 36, 165, 37, 137, 88, 55, 153, 145, 157, 80, 57, 99, 50, 24, 127, 179, 143, 122, 92, 66, 135, 198, 190, 19, 33, 136, 73, 185, 18, 132, 12, 189, 170, 181, 147, 159, 64, 129, 89, 58, 72, 85, 166, 59, 119, 71, 114, 67, 45, 162, 150, 44, 117, 196, 192]",271731,70848,3.329712152481079
42,TSPB.csv,"[34, 183, 197, 122, 143, 179, 121, 24, 127, 0, 190, 19, 198, 135, 169, 66, 144, 178, 128, 11, 5, 2, 182, 95, 172, 16, 173, 52, 12, 59, 119, 71, 44, 162, 150, 117, 196, 192, 8, 63, 82, 115, 69, 113, 32, 53, 142, 130, 141, 148, 140, 174, 51, 91, 156, 67, 114, 85, 89, 129, 64, 159, 147, 181, 136, 61, 73, 185, 132, 18, 29, 33, 120, 86, 79, 145, 157, 80, 57, 137, 153, 4, 55, 88, 36, 25, 134, 154, 165, 37, 102, 99, 43, 50, 108, 131, 103, 38, 101, 31]",254192,75869,3.103571891784668
43,TSPB.csv,"[86, 19, 190, 198, 135, 57, 99, 0, 169, 66, 5, 34, 183, 197, 122, 143, 179, 31, 101, 38, 103, 121, 127, 24, 50, 94, 112, 154, 134, 25, 36, 165, 37, 137, 88, 55, 4, 153, 80, 157, 145, 79, 136, 61, 10, 73, 185, 29, 18, 132, 12, 109, 189, 170, 181, 187, 147, 159, 64, 129, 89, 58, 114, 126, 67, 91, 51, 174, 140, 148, 141, 130, 142, 192, 196, 117, 150, 162, 44, 71, 166, 119, 59, 104, 97, 107, 139, 52, 16, 8, 82, 115, 2, 182, 163, 172, 95, 22, 33, 6]",276546,74033,3.4467902183532715
44,TSPB.csv,"[136, 61, 73, 33, 29, 19, 190, 79, 145, 157, 80, 160, 153, 4, 55, 88, 36, 25, 154, 165, 37, 137, 99, 57, 15, 169, 66, 34, 183, 197, 179, 143, 127, 24, 121, 103, 38, 42, 101, 31, 2, 182, 133, 5, 135, 198, 95, 172, 16, 163, 115, 69, 113, 53, 142, 130, 141, 148, 140, 174, 51, 70, 91, 156, 45, 67, 114, 72, 89, 129, 64, 159, 147, 181, 189, 109, 12, 107, 139, 193, 119, 59, 85, 71, 44, 162, 150, 117, 196, 192, 138, 82, 63, 8, 14, 52, 18, 132, 185, 170]",261840,73577,3.201002836227417
45,TSPB.csv,"[165, 37, 99, 57, 137, 88, 55, 153, 80, 157, 145, 79, 135, 198, 190, 19, 168, 33, 136, 73, 29, 18, 185, 132, 12, 107, 109, 189, 170, 181, 59, 119, 71, 166, 147, 159, 64, 129, 89, 58, 72, 85, 114, 67, 156, 126, 158, 162, 150, 44, 117, 196, 192, 142, 130, 161, 174, 51, 91, 70, 140, 148, 141, 13, 82, 115, 63, 8, 14, 52, 16, 172, 95, 163, 182, 2, 5, 66, 169, 34, 183, 197, 31, 101, 42, 38, 103, 131, 121, 179, 143, 122, 127, 24, 50, 154, 134, 25, 36, 123]",240671,71010,3.189680814743042
46,TSPB.csv,"[66, 169, 135, 198, 95, 172, 54, 133, 5, 2, 182, 163, 40, 115, 82, 13, 142, 130, 141, 148, 140, 174, 51, 91, 67, 114, 171, 58, 89, 129, 64, 159, 147, 119, 71, 44, 162, 150, 117, 196, 192, 138, 63, 8, 14, 16, 106, 18, 132, 65, 173, 52, 12, 107, 189, 181, 170, 136, 61, 73, 185, 81, 29, 33, 6, 19, 190, 86, 79, 145, 157, 80, 153, 55, 88, 36, 25, 154, 165, 137, 99, 50, 112, 152, 24, 127, 121, 131, 103, 38, 42, 101, 31, 179, 143, 122, 197, 183, 34, 128]",277282,77105,3.3648171424865723
47,TSPB.csv,"[2, 182, 75, 133, 5, 34, 183, 197, 31, 101, 121, 24, 127, 179, 143, 122, 92, 26, 66, 169, 57, 99, 50, 112, 154, 134, 25, 36, 165, 37, 102, 137, 88, 55, 4, 153, 80, 157, 145, 79, 120, 135, 198, 190, 19, 136, 73, 33, 168, 29, 18, 185, 132, 52, 12, 189, 170, 181, 147, 159, 64, 129, 89, 85, 166, 114, 67, 156, 91, 70, 51, 174, 140, 148, 141, 130, 142, 192, 196, 117, 150, 162, 44, 71, 119, 59, 107, 139, 195, 8, 63, 82, 69, 115, 16, 22, 95, 172, 163, 17]",267631,73786,3.4565279483795166
48,TSPB.csv,"[99, 116, 122, 143, 127, 24, 121, 179, 197, 183, 34, 31, 101, 103, 50, 102, 137, 37, 165, 154, 25, 36, 88, 55, 153, 80, 157, 145, 79, 136, 61, 73, 81, 185, 12, 44, 71, 119, 59, 189, 170, 181, 147, 159, 64, 129, 89, 58, 114, 67, 162, 150, 117, 196, 192, 91, 70, 51, 174, 140, 148, 141, 130, 142, 53, 32, 113, 69, 115, 82, 63, 8, 14, 16, 65, 52, 132, 18, 29, 33, 19, 190, 95, 172, 163, 182, 2, 167, 5, 11, 128, 178, 144, 66, 169, 135, 198, 46, 57, 0]",267049,74405,3.66019606590271
49,TSPB.csv,"[119, 59, 28, 147, 159, 64, 129, 89, 58, 72, 85, 114, 67, 156, 91, 70, 51, 174, 188, 140, 148, 141, 130, 142, 21, 192, 196, 117, 150, 158, 162, 44, 71, 139, 14, 8, 63, 82, 115, 2, 182, 5, 66, 34, 183, 197, 122, 143, 179, 101, 38, 103, 131, 121, 127, 24, 50, 154, 134, 25, 36, 68, 165, 37, 137, 88, 55, 4, 153, 145, 79, 120, 19, 157, 80, 99, 135, 198, 190, 95, 172, 106, 16, 52, 132, 185, 18, 29, 33, 73, 61, 136, 90, 170, 100, 181, 189, 12, 107, 97]",285618,73973,3.4005930423736572
50,TSPB.csv,"[196, 192, 117, 150, 44, 124, 71, 119, 59, 166, 162, 158, 156, 45, 67, 114, 85, 58, 89, 129, 64, 159, 147, 181, 170, 47, 189, 109, 97, 139, 107, 12, 52, 132, 185, 73, 61, 136, 79, 145, 157, 80, 180, 153, 4, 55, 88, 137, 165, 37, 99, 57, 46, 135, 66, 34, 183, 197, 179, 143, 127, 24, 121, 103, 38, 101, 31, 2, 182, 172, 95, 198, 190, 19, 6, 33, 29, 18, 16, 14, 8, 115, 69, 113, 32, 96, 141, 148, 140, 70, 91, 51, 174, 130, 142, 13, 53, 82, 63, 84]",266513,76031,3.201232671737671
51,TSPB.csv,"[82, 115, 172, 95, 182, 2, 5, 11, 178, 128, 66, 169, 99, 49, 50, 24, 127, 179, 143, 122, 92, 197, 183, 34, 31, 101, 38, 103, 121, 131, 152, 112, 23, 154, 134, 25, 36, 123, 165, 37, 88, 55, 153, 145, 157, 80, 56, 137, 57, 0, 135, 198, 190, 19, 136, 73, 185, 132, 18, 16, 8, 63, 192, 196, 117, 150, 162, 44, 71, 166, 28, 59, 119, 107, 12, 189, 181, 147, 159, 64, 129, 89, 58, 72, 85, 114, 158, 67, 91, 51, 174, 140, 148, 141, 130, 142, 53, 32, 113, 69]",282857,73657,3.8127732276916504
52,TSPB.csv,"[159, 147, 187, 181, 170, 189, 185, 132, 18, 29, 33, 73, 136, 79, 145, 157, 80, 153, 88, 137, 99, 111, 122, 143, 121, 127, 24, 50, 131, 103, 38, 101, 179, 197, 183, 34, 11, 5, 66, 169, 57, 135, 198, 190, 19, 95, 74, 172, 163, 182, 2, 48, 40, 115, 30, 69, 113, 32, 96, 149, 53, 82, 63, 84, 8, 16, 65, 52, 12, 107, 97, 59, 119, 71, 44, 117, 196, 192, 21, 142, 130, 141, 148, 140, 188, 174, 51, 70, 91, 156, 67, 158, 150, 162, 114, 72, 58, 89, 129, 64]",265165,76283,3.126703977584839
53,TSPB.csv,"[21, 192, 142, 13, 130, 141, 148, 140, 174, 51, 70, 91, 67, 114, 72, 58, 89, 159, 147, 64, 129, 85, 158, 162, 150, 117, 196, 44, 71, 119, 59, 139, 107, 12, 52, 18, 29, 132, 185, 47, 189, 181, 170, 136, 73, 33, 19, 190, 145, 157, 80, 153, 88, 137, 102, 37, 165, 36, 25, 134, 154, 112, 152, 50, 43, 99, 77, 57, 0, 169, 66, 26, 122, 143, 179, 127, 24, 121, 103, 38, 101, 31, 197, 183, 34, 5, 2, 163, 182, 178, 128, 135, 198, 95, 172, 16, 8, 63, 115, 82]",262038,71584,3.5218350887298584
54,TSPB.csv,"[33, 168, 29, 177, 18, 81, 185, 132, 52, 16, 172, 8, 63, 139, 12, 107, 97, 44, 196, 117, 150, 162, 71, 119, 59, 189, 170, 181, 147, 159, 64, 129, 89, 58, 114, 67, 156, 91, 70, 51, 174, 140, 148, 141, 130, 142, 138, 82, 32, 113, 69, 115, 163, 182, 2, 133, 5, 34, 31, 101, 42, 38, 103, 131, 50, 24, 127, 121, 179, 143, 122, 66, 135, 198, 19, 190, 57, 0, 99, 102, 112, 154, 134, 25, 36, 194, 123, 165, 37, 137, 88, 55, 153, 80, 157, 145, 79, 136, 61, 73]",282782,73211,3.8090879917144775
55,TSPB.csv,"[143, 122, 92, 197, 183, 34, 2, 182, 17, 163, 115, 113, 69, 82, 63, 8, 84, 142, 130, 141, 148, 140, 174, 91, 67, 114, 162, 150, 117, 196, 44, 71, 119, 59, 166, 58, 89, 129, 64, 159, 147, 181, 170, 189, 97, 107, 12, 132, 185, 18, 52, 65, 16, 172, 95, 133, 5, 66, 169, 164, 27, 111, 99, 57, 0, 135, 198, 190, 19, 33, 73, 136, 79, 145, 157, 80, 153, 55, 88, 56, 146, 137, 37, 165, 123, 36, 25, 134, 154, 112, 50, 127, 24, 131, 103, 38, 101, 31, 121, 179]",258774,74466,3.4490418434143066
56,TSPB.csv,"[66, 169, 26, 34, 183, 197, 143, 122, 127, 24, 121, 179, 31, 101, 38, 103, 131, 152, 112, 50, 43, 99, 57, 137, 37, 165, 154, 134, 25, 36, 88, 55, 153, 80, 157, 145, 190, 198, 135, 118, 95, 172, 16, 18, 52, 107, 12, 132, 185, 33, 73, 61, 136, 170, 47, 189, 181, 147, 159, 89, 129, 64, 59, 119, 71, 44, 150, 117, 196, 21, 192, 155, 162, 114, 67, 45, 156, 91, 70, 51, 174, 161, 140, 148, 141, 130, 142, 32, 113, 69, 115, 82, 63, 8, 163, 182, 2, 5, 11, 128]",270985,71712,4.324733734130859
57,TSPB.csv,"[135, 198, 190, 19, 29, 33, 136, 61, 73, 185, 132, 18, 65, 52, 12, 107, 97, 139, 193, 71, 119, 59, 189, 47, 170, 181, 147, 159, 64, 129, 89, 58, 85, 114, 67, 156, 162, 150, 44, 117, 196, 192, 142, 174, 91, 51, 140, 148, 130, 141, 113, 69, 115, 82, 63, 8, 40, 16, 22, 95, 172, 163, 182, 2, 5, 66, 169, 164, 0, 57, 77, 99, 43, 50, 24, 121, 127, 122, 143, 179, 197, 183, 34, 31, 101, 42, 38, 103, 154, 25, 36, 165, 137, 88, 55, 153, 80, 157, 145, 79]",251317,72708,4.363992929458618
58,TSPB.csv,"[135, 198, 168, 6, 33, 73, 61, 136, 10, 185, 81, 29, 18, 132, 12, 107, 189, 47, 170, 181, 147, 159, 64, 129, 89, 114, 67, 156, 91, 51, 174, 188, 140, 148, 141, 130, 142, 196, 117, 150, 162, 44, 71, 119, 59, 139, 195, 63, 82, 115, 8, 14, 52, 173, 16, 22, 95, 172, 182, 2, 133, 5, 66, 169, 92, 122, 143, 179, 197, 183, 34, 31, 101, 38, 103, 121, 127, 24, 50, 112, 154, 25, 36, 165, 37, 88, 55, 153, 137, 99, 164, 57, 80, 157, 180, 145, 79, 19, 190, 46]",252757,77545,4.2776939868927
59,TSPB.csv,"[66, 169, 34, 183, 197, 92, 122, 143, 179, 101, 38, 103, 131, 121, 127, 24, 50, 99, 137, 165, 154, 25, 36, 88, 153, 57, 0, 135, 198, 190, 19, 95, 172, 16, 52, 18, 132, 185, 73, 33, 168, 86, 80, 157, 145, 79, 136, 61, 170, 189, 181, 147, 159, 64, 129, 89, 58, 72, 85, 28, 59, 109, 12, 107, 139, 119, 71, 166, 114, 67, 162, 150, 44, 117, 196, 192, 156, 91, 70, 51, 174, 161, 140, 148, 141, 130, 142, 113, 69, 115, 82, 63, 8, 40, 163, 182, 2, 5, 178, 128]",268980,72668,4.41327691078186
60,TSPB.csv,"[135, 95, 172, 16, 18, 132, 185, 73, 61, 136, 170, 189, 181, 147, 159, 64, 129, 89, 85, 114, 166, 162, 67, 156, 91, 51, 174, 161, 188, 140, 148, 141, 130, 142, 138, 9, 192, 196, 117, 150, 44, 71, 119, 59, 107, 12, 52, 14, 8, 63, 82, 53, 32, 113, 69, 115, 163, 2, 182, 75, 133, 167, 5, 178, 128, 66, 169, 26, 34, 183, 197, 179, 143, 122, 127, 121, 101, 38, 103, 131, 50, 99, 137, 37, 165, 154, 134, 25, 36, 88, 55, 4, 153, 80, 157, 145, 79, 19, 190, 198]",269196,72438,4.325009107589722
61,TSPB.csv,"[99, 66, 169, 57, 137, 88, 153, 80, 157, 145, 136, 61, 73, 81, 185, 12, 107, 139, 119, 59, 189, 170, 181, 187, 147, 159, 64, 129, 89, 58, 85, 166, 71, 114, 67, 162, 150, 44, 117, 196, 192, 142, 130, 174, 51, 91, 70, 140, 148, 141, 53, 96, 32, 113, 69, 115, 20, 82, 63, 8, 16, 65, 52, 132, 18, 29, 33, 19, 190, 198, 135, 95, 172, 182, 2, 5, 178, 26, 122, 143, 127, 24, 121, 179, 197, 183, 34, 101, 38, 103, 131, 50, 152, 112, 154, 134, 25, 36, 165, 37]",245092,72191,4.021443843841553
62,TSPB.csv,"[154, 134, 25, 36, 194, 123, 165, 37, 102, 99, 57, 137, 88, 55, 4, 153, 80, 157, 145, 79, 135, 198, 190, 19, 29, 33, 136, 73, 185, 132, 18, 52, 12, 107, 59, 119, 193, 71, 166, 147, 159, 64, 129, 89, 72, 114, 126, 67, 45, 78, 3, 156, 39, 155, 158, 162, 150, 44, 117, 196, 192, 91, 70, 51, 174, 188, 140, 148, 141, 130, 142, 53, 32, 113, 69, 115, 82, 63, 84, 8, 16, 182, 2, 5, 66, 34, 183, 197, 122, 143, 179, 31, 101, 38, 103, 121, 127, 50, 112, 23]",263015,73506,4.036872148513794
63,TSPB.csv,"[52, 173, 16, 172, 95, 198, 135, 57, 169, 66, 144, 128, 5, 133, 182, 2, 34, 183, 197, 31, 101, 121, 24, 127, 179, 143, 122, 92, 50, 99, 137, 37, 165, 154, 134, 25, 36, 88, 55, 4, 153, 80, 157, 145, 79, 151, 86, 190, 19, 33, 136, 73, 185, 29, 18, 132, 12, 107, 109, 189, 170, 181, 147, 159, 64, 129, 89, 58, 114, 85, 59, 119, 71, 44, 196, 117, 150, 162, 158, 126, 67, 156, 91, 70, 51, 174, 140, 148, 141, 130, 142, 96, 32, 113, 69, 115, 82, 63, 8, 14]",272626,73536,4.3655359745025635
64,TSPB.csv,"[196, 117, 150, 162, 44, 71, 119, 59, 84, 52, 65, 16, 168, 19, 190, 198, 95, 172, 40, 8, 63, 82, 115, 2, 182, 133, 167, 5, 66, 169, 98, 135, 57, 62, 99, 122, 143, 179, 197, 183, 34, 31, 101, 38, 103, 121, 127, 50, 94, 112, 23, 154, 134, 25, 36, 186, 165, 37, 41, 146, 137, 88, 55, 4, 153, 80, 157, 180, 145, 79, 120, 6, 33, 136, 73, 29, 18, 185, 132, 12, 107, 189, 181, 147, 159, 64, 129, 89, 114, 67, 156, 91, 70, 51, 174, 140, 148, 141, 130, 142]",261833,77906,3.030348777770996
65,TSPB.csv,"[128, 34, 183, 197, 143, 179, 31, 101, 38, 103, 131, 121, 127, 24, 50, 99, 146, 137, 37, 165, 154, 134, 25, 36, 88, 153, 145, 157, 80, 57, 77, 169, 66, 135, 198, 190, 19, 33, 29, 18, 132, 185, 73, 61, 136, 10, 170, 181, 147, 159, 64, 129, 89, 58, 72, 85, 189, 109, 12, 52, 195, 139, 107, 59, 119, 71, 44, 196, 117, 150, 162, 166, 114, 67, 91, 70, 51, 174, 140, 148, 141, 130, 142, 113, 69, 115, 82, 63, 8, 14, 16, 106, 172, 95, 74, 163, 182, 2, 5, 144]",275099,74234,3.57723069190979
66,TSPB.csv,"[113, 115, 40, 2, 5, 34, 197, 143, 179, 31, 101, 121, 127, 24, 50, 99, 57, 169, 66, 128, 133, 75, 182, 163, 172, 95, 22, 19, 190, 198, 135, 80, 137, 37, 165, 154, 134, 25, 36, 88, 153, 157, 145, 79, 136, 61, 73, 170, 189, 59, 119, 193, 71, 110, 85, 129, 64, 147, 159, 89, 58, 114, 67, 78, 3, 156, 91, 70, 51, 174, 140, 148, 141, 130, 13, 142, 9, 192, 60, 196, 117, 150, 162, 44, 139, 107, 12, 109, 132, 185, 33, 29, 18, 52, 16, 8, 63, 82, 69, 32]",277508,76172,3.540264844894409
67,TSPB.csv,"[67, 174, 140, 148, 141, 130, 142, 196, 117, 150, 162, 44, 71, 119, 59, 139, 107, 12, 52, 7, 8, 63, 82, 69, 113, 115, 163, 17, 2, 182, 75, 133, 5, 128, 66, 169, 26, 11, 34, 183, 197, 122, 143, 179, 31, 101, 42, 38, 103, 121, 127, 24, 50, 116, 99, 102, 112, 154, 134, 25, 36, 165, 37, 137, 88, 55, 4, 153, 145, 157, 80, 57, 164, 135, 198, 190, 19, 95, 172, 16, 18, 29, 33, 136, 61, 73, 185, 132, 189, 47, 170, 181, 147, 159, 64, 129, 89, 58, 171, 114]",254548,74530,3.076374053955078
68,TSPB.csv,"[156, 3, 78, 67, 162, 150, 117, 196, 44, 71, 119, 59, 114, 85, 171, 58, 89, 129, 64, 159, 147, 87, 181, 189, 170, 73, 61, 136, 79, 145, 157, 80, 153, 4, 55, 88, 137, 146, 62, 57, 99, 37, 165, 36, 25, 134, 154, 112, 50, 24, 127, 121, 103, 38, 42, 101, 31, 34, 183, 197, 179, 143, 122, 92, 169, 66, 128, 11, 5, 2, 182, 172, 95, 135, 198, 190, 19, 29, 18, 185, 132, 12, 107, 52, 16, 8, 63, 115, 82, 141, 148, 140, 70, 91, 51, 174, 161, 130, 142, 192]",275829,71400,3.080618143081665
69,TSPB.csv,"[136, 61, 73, 33, 29, 18, 132, 185, 147, 159, 64, 129, 89, 58, 72, 114, 67, 3, 156, 91, 70, 51, 174, 140, 148, 141, 130, 142, 192, 60, 196, 117, 150, 162, 44, 71, 119, 59, 107, 12, 52, 16, 8, 63, 82, 115, 2, 182, 163, 172, 95, 19, 190, 198, 135, 57, 99, 111, 169, 66, 144, 128, 5, 34, 183, 197, 26, 92, 122, 127, 143, 179, 31, 101, 38, 103, 131, 93, 121, 24, 50, 43, 112, 154, 134, 25, 36, 123, 165, 37, 137, 56, 88, 55, 4, 153, 80, 157, 145, 79]",283724,71876,3.376156806945801
70,TSPB.csv,"[57, 62, 46, 198, 135, 98, 128, 5, 167, 133, 54, 182, 2, 163, 40, 115, 69, 113, 32, 82, 63, 8, 52, 16, 172, 95, 190, 19, 33, 29, 18, 132, 12, 59, 119, 71, 44, 162, 150, 117, 196, 192, 142, 130, 141, 148, 140, 174, 51, 91, 156, 45, 67, 114, 58, 89, 129, 64, 159, 147, 181, 189, 185, 73, 136, 79, 145, 180, 157, 80, 153, 4, 55, 88, 36, 25, 154, 165, 37, 137, 146, 99, 50, 127, 24, 131, 103, 38, 101, 31, 121, 179, 143, 122, 197, 183, 34, 66, 169, 164]",257782,74488,3.423198938369751
71,TSPB.csv,"[12, 107, 59, 119, 71, 44, 196, 117, 150, 162, 158, 85, 129, 64, 147, 159, 89, 58, 114, 67, 156, 91, 70, 51, 174, 188, 140, 148, 141, 130, 142, 53, 69, 115, 48, 2, 182, 163, 172, 74, 95, 128, 5, 11, 34, 183, 197, 143, 179, 31, 101, 38, 103, 131, 152, 112, 154, 134, 25, 36, 165, 37, 137, 88, 55, 4, 153, 145, 157, 80, 57, 77, 99, 50, 24, 121, 127, 122, 26, 66, 169, 135, 198, 190, 19, 33, 136, 61, 73, 185, 132, 18, 52, 16, 14, 8, 20, 82, 63, 84]",277161,72802,3.3226492404937744
72,TSPB.csv,"[66, 169, 26, 92, 122, 143, 179, 197, 183, 34, 31, 101, 38, 103, 121, 24, 127, 99, 57, 137, 37, 165, 154, 25, 36, 88, 153, 80, 157, 145, 19, 190, 198, 135, 95, 74, 172, 16, 18, 29, 168, 33, 73, 61, 136, 170, 181, 189, 185, 132, 12, 107, 119, 59, 147, 159, 64, 129, 89, 85, 114, 67, 78, 156, 91, 70, 51, 174, 161, 140, 148, 141, 130, 13, 142, 21, 192, 196, 117, 150, 162, 44, 71, 139, 52, 14, 8, 63, 20, 82, 69, 113, 115, 40, 163, 182, 75, 2, 5, 128]",262822,72905,3.408005952835083
73,TSPB.csv,"[145, 79, 136, 61, 73, 170, 189, 181, 147, 159, 64, 129, 89, 58, 171, 85, 114, 67, 78, 156, 91, 70, 51, 174, 140, 148, 141, 130, 142, 192, 196, 117, 150, 158, 162, 44, 71, 119, 59, 12, 132, 185, 29, 18, 52, 8, 63, 82, 115, 16, 172, 182, 2, 5, 34, 31, 101, 42, 38, 103, 131, 112, 94, 50, 43, 99, 102, 137, 37, 165, 186, 154, 134, 25, 36, 88, 153, 157, 80, 62, 57, 77, 111, 122, 143, 127, 24, 121, 179, 197, 183, 26, 66, 169, 46, 135, 198, 190, 19, 120]",271048,75258,3.1506669521331787
74,TSPB.csv,"[87, 187, 181, 170, 189, 109, 132, 185, 76, 73, 61, 136, 79, 145, 157, 80, 56, 153, 4, 55, 88, 137, 37, 165, 36, 25, 154, 50, 99, 77, 62, 57, 15, 169, 66, 26, 122, 143, 179, 127, 24, 121, 131, 103, 38, 101, 31, 197, 183, 34, 128, 5, 2, 182, 163, 115, 113, 69, 82, 63, 8, 16, 172, 95, 135, 198, 190, 19, 199, 6, 33, 18, 52, 12, 107, 59, 119, 71, 44, 162, 150, 117, 196, 192, 21, 142, 130, 141, 148, 140, 174, 91, 67, 114, 85, 89, 129, 64, 159, 147]",262144,75379,3.2695279121398926
75,TSPB.csv,"[59, 119, 193, 71, 44, 150, 117, 196, 192, 142, 130, 141, 148, 140, 188, 174, 51, 70, 91, 156, 155, 162, 158, 126, 67, 114, 85, 58, 129, 64, 89, 35, 159, 147, 187, 181, 170, 189, 47, 185, 132, 18, 33, 73, 136, 145, 157, 80, 153, 4, 55, 88, 137, 37, 165, 123, 36, 25, 134, 154, 112, 131, 103, 38, 101, 31, 34, 183, 197, 122, 143, 179, 121, 127, 24, 50, 99, 0, 57, 190, 19, 95, 198, 135, 66, 5, 2, 115, 69, 113, 32, 96, 82, 63, 8, 16, 52, 12, 107, 109]",275178,72040,3.2977077960968018
76,TSPB.csv,"[136, 61, 73, 185, 177, 33, 6, 29, 18, 132, 12, 52, 16, 172, 95, 198, 135, 46, 190, 19, 79, 145, 157, 80, 153, 4, 55, 88, 36, 25, 134, 154, 112, 123, 165, 37, 137, 57, 99, 50, 122, 143, 179, 121, 127, 24, 131, 103, 38, 101, 31, 34, 183, 197, 26, 92, 27, 66, 169, 98, 5, 2, 182, 163, 8, 63, 115, 82, 141, 148, 140, 51, 91, 174, 130, 142, 196, 117, 150, 156, 67, 158, 162, 44, 71, 119, 59, 85, 114, 58, 89, 129, 64, 159, 147, 181, 189, 47, 170, 90]",272566,74690,3.2545881271362305
77,TSPB.csv,"[71, 166, 85, 110, 44, 196, 192, 117, 150, 162, 158, 78, 3, 156, 67, 126, 114, 72, 89, 129, 64, 159, 147, 181, 170, 47, 189, 132, 185, 73, 136, 79, 145, 157, 80, 153, 55, 88, 194, 36, 25, 134, 154, 123, 165, 37, 137, 99, 57, 190, 19, 33, 168, 29, 18, 173, 16, 172, 95, 198, 135, 169, 66, 128, 34, 183, 197, 143, 122, 127, 121, 179, 101, 31, 5, 2, 182, 163, 115, 69, 113, 141, 148, 140, 174, 130, 142, 138, 82, 63, 8, 14, 52, 12, 107, 97, 104, 59, 119, 193]",256908,76694,3.308650016784668
78,TSPB.csv,"[114, 85, 72, 58, 89, 129, 64, 159, 147, 181, 189, 47, 170, 136, 73, 185, 132, 12, 107, 59, 119, 139, 195, 14, 52, 18, 33, 29, 16, 172, 95, 190, 198, 135, 57, 99, 50, 165, 37, 137, 80, 157, 145, 153, 55, 88, 194, 36, 25, 134, 154, 112, 131, 103, 38, 101, 31, 121, 24, 127, 179, 143, 122, 92, 197, 183, 34, 169, 66, 5, 2, 182, 163, 8, 63, 82, 20, 115, 69, 113, 32, 142, 130, 141, 148, 140, 174, 51, 91, 156, 3, 45, 67, 155, 162, 150, 117, 196, 44, 71]",266269,72335,3.389054775238037
79,TSPB.csv,"[66, 34, 31, 101, 38, 103, 131, 24, 127, 121, 179, 143, 122, 99, 37, 165, 154, 134, 25, 36, 88, 55, 4, 153, 137, 57, 80, 157, 145, 136, 73, 33, 19, 190, 198, 135, 95, 172, 16, 65, 52, 139, 196, 191, 117, 150, 162, 44, 71, 119, 59, 97, 107, 12, 132, 18, 185, 189, 170, 181, 147, 159, 64, 129, 89, 58, 171, 114, 67, 45, 192, 155, 156, 91, 70, 51, 174, 188, 140, 148, 141, 130, 142, 32, 113, 69, 115, 82, 63, 84, 7, 14, 8, 40, 163, 17, 2, 182, 133, 5]",276705,74474,3.254376173019409
80,TSPB.csv,"[57, 15, 169, 66, 111, 99, 56, 80, 157, 79, 145, 153, 4, 55, 88, 137, 37, 165, 123, 36, 25, 134, 154, 112, 43, 50, 127, 24, 131, 103, 38, 101, 31, 121, 179, 143, 122, 197, 183, 34, 128, 178, 5, 167, 2, 182, 95, 172, 16, 8, 115, 82, 63, 71, 44, 162, 150, 117, 196, 192, 142, 130, 141, 148, 140, 174, 51, 91, 67, 114, 85, 89, 129, 64, 159, 147, 59, 119, 107, 12, 189, 170, 136, 61, 73, 185, 132, 52, 65, 18, 29, 33, 168, 19, 190, 198, 135, 175, 46, 0]",272726,75521,3.2776389122009277
81,TSPB.csv,"[129, 64, 147, 159, 89, 58, 72, 114, 126, 67, 156, 91, 51, 174, 188, 140, 148, 141, 130, 142, 53, 32, 113, 69, 115, 2, 182, 172, 16, 22, 95, 19, 190, 198, 135, 66, 169, 57, 99, 43, 50, 24, 127, 121, 179, 143, 122, 197, 183, 34, 31, 101, 38, 103, 154, 134, 25, 36, 165, 37, 137, 56, 88, 55, 153, 80, 157, 145, 151, 79, 136, 61, 73, 33, 29, 18, 185, 132, 52, 173, 8, 63, 82, 84, 12, 107, 59, 119, 71, 44, 196, 138, 21, 192, 117, 150, 162, 158, 110, 85]",260744,74383,2.9151318073272705
82,TSPB.csv,"[2, 182, 95, 172, 16, 18, 177, 33, 29, 168, 19, 190, 46, 198, 135, 169, 66, 5, 34, 183, 197, 179, 143, 122, 127, 24, 121, 31, 101, 38, 103, 112, 154, 25, 36, 165, 37, 99, 57, 137, 88, 153, 80, 157, 145, 136, 73, 170, 181, 147, 159, 64, 129, 89, 58, 114, 166, 162, 67, 45, 3, 156, 39, 91, 70, 51, 174, 140, 148, 141, 130, 13, 142, 192, 191, 196, 117, 150, 44, 71, 119, 59, 107, 12, 109, 189, 47, 185, 132, 52, 14, 84, 8, 63, 82, 69, 113, 115, 40, 163]",254878,74737,3.259099006652832
83,TSPB.csv,"[190, 19, 6, 33, 29, 185, 73, 61, 136, 170, 181, 147, 159, 89, 129, 64, 166, 59, 119, 71, 44, 117, 150, 162, 114, 126, 67, 91, 51, 174, 188, 140, 148, 141, 130, 142, 192, 196, 53, 32, 113, 69, 115, 82, 63, 8, 107, 12, 132, 18, 52, 16, 40, 163, 17, 182, 2, 105, 5, 11, 34, 183, 197, 31, 101, 38, 103, 121, 24, 127, 179, 143, 122, 92, 66, 169, 99, 50, 112, 154, 25, 36, 165, 37, 137, 88, 55, 153, 80, 157, 145, 79, 46, 15, 57, 175, 135, 198, 95, 172]",272229,75926,3.0604121685028076
84,TSPB.csv,"[89, 129, 64, 159, 147, 87, 187, 181, 170, 47, 189, 132, 185, 73, 136, 19, 190, 198, 135, 79, 145, 157, 80, 153, 88, 137, 102, 37, 165, 36, 25, 134, 154, 112, 50, 99, 57, 169, 66, 92, 122, 143, 127, 24, 121, 131, 103, 38, 101, 31, 179, 197, 183, 34, 5, 2, 182, 163, 95, 172, 16, 18, 52, 8, 115, 69, 113, 32, 96, 141, 130, 148, 140, 161, 70, 91, 51, 174, 142, 82, 63, 84, 139, 12, 107, 97, 59, 119, 193, 71, 44, 162, 150, 117, 196, 192, 156, 67, 114, 58]",268824,71148,2.977842330932617
85,TSPB.csv,"[73, 61, 136, 33, 19, 190, 198, 135, 57, 99, 80, 157, 79, 145, 153, 55, 88, 137, 146, 37, 165, 194, 36, 25, 134, 154, 112, 103, 38, 101, 121, 127, 143, 179, 34, 183, 197, 122, 92, 66, 5, 2, 182, 172, 95, 29, 18, 16, 8, 63, 115, 69, 82, 138, 142, 130, 141, 148, 140, 174, 51, 91, 156, 78, 45, 67, 158, 162, 150, 117, 192, 21, 196, 44, 71, 119, 59, 104, 28, 166, 124, 114, 85, 58, 89, 129, 64, 159, 147, 176, 181, 170, 47, 189, 12, 107, 139, 52, 132, 185]",257149,75039,2.9190499782562256
86,TSPB.csv,"[136, 61, 73, 185, 29, 33, 6, 168, 19, 190, 198, 135, 66, 169, 0, 77, 57, 80, 157, 79, 145, 153, 4, 55, 88, 137, 37, 99, 50, 24, 127, 121, 101, 31, 183, 197, 179, 143, 122, 26, 34, 5, 133, 182, 2, 113, 32, 69, 115, 82, 63, 8, 40, 172, 95, 106, 16, 18, 132, 52, 12, 107, 139, 193, 119, 59, 71, 166, 162, 150, 44, 196, 117, 155, 9, 142, 130, 141, 148, 140, 188, 174, 51, 70, 91, 156, 78, 45, 67, 114, 72, 89, 129, 64, 159, 147, 181, 189, 47, 170]",269139,76566,2.9143917560577393
87,TSPB.csv,"[144, 128, 66, 169, 164, 99, 50, 152, 131, 103, 38, 42, 101, 31, 121, 24, 127, 122, 143, 179, 197, 183, 34, 5, 2, 182, 163, 8, 63, 115, 82, 53, 142, 130, 141, 148, 140, 174, 51, 91, 156, 3, 192, 196, 117, 44, 150, 162, 158, 67, 114, 71, 119, 59, 166, 58, 89, 129, 64, 159, 147, 87, 181, 100, 170, 189, 12, 185, 132, 52, 65, 16, 18, 33, 73, 136, 145, 157, 80, 153, 4, 55, 88, 36, 25, 134, 154, 112, 165, 37, 137, 57, 135, 198, 190, 86, 19, 95, 172, 167]",267782,73341,2.908885955810547
88,TSPB.csv,"[162, 150, 44, 117, 196, 192, 21, 51, 91, 70, 174, 161, 140, 148, 141, 130, 142, 53, 113, 69, 82, 115, 163, 182, 75, 2, 34, 183, 197, 31, 101, 38, 103, 121, 127, 179, 143, 122, 66, 169, 57, 99, 50, 112, 154, 134, 25, 36, 165, 37, 137, 88, 55, 153, 80, 157, 145, 79, 136, 73, 185, 18, 29, 33, 6, 19, 190, 198, 135, 128, 5, 95, 172, 40, 63, 84, 8, 16, 52, 132, 12, 107, 97, 139, 193, 71, 119, 59, 189, 170, 181, 147, 159, 64, 129, 89, 58, 166, 114, 67]",270737,71783,3.281085252761841
89,TSPB.csv,"[190, 19, 6, 33, 136, 73, 18, 185, 170, 181, 189, 59, 119, 71, 64, 147, 159, 89, 129, 58, 72, 114, 67, 156, 162, 150, 44, 117, 196, 192, 21, 142, 174, 51, 91, 70, 140, 148, 130, 141, 53, 69, 115, 82, 63, 8, 107, 12, 132, 52, 65, 16, 172, 182, 2, 198, 135, 0, 57, 99, 111, 169, 66, 128, 5, 34, 183, 197, 26, 92, 122, 143, 179, 31, 101, 38, 103, 131, 121, 127, 24, 50, 112, 154, 134, 25, 36, 194, 123, 165, 37, 137, 88, 55, 4, 153, 80, 157, 145, 79]",265133,70978,3.139378070831299
90,TSPB.csv,"[72, 114, 85, 166, 162, 150, 117, 44, 71, 193, 119, 59, 107, 12, 84, 196, 21, 192, 67, 156, 91, 70, 51, 174, 140, 148, 141, 130, 142, 32, 113, 69, 115, 82, 63, 8, 163, 182, 2, 5, 34, 183, 31, 101, 38, 103, 131, 112, 94, 50, 24, 127, 121, 179, 143, 122, 197, 66, 169, 111, 99, 57, 0, 135, 198, 190, 95, 172, 16, 52, 18, 132, 185, 73, 177, 29, 33, 6, 86, 80, 137, 37, 165, 154, 25, 36, 88, 153, 157, 145, 79, 136, 170, 181, 147, 159, 64, 129, 89, 58]",261359,73373,3.0682480335235596
91,TSPB.csv,"[85, 110, 114, 126, 67, 45, 158, 162, 150, 155, 3, 156, 91, 70, 51, 174, 140, 148, 141, 130, 142, 32, 113, 69, 115, 82, 63, 40, 8, 14, 16, 172, 182, 2, 133, 95, 29, 33, 19, 190, 198, 135, 57, 0, 169, 66, 5, 34, 183, 197, 122, 143, 179, 121, 127, 24, 50, 99, 137, 37, 165, 154, 25, 36, 88, 55, 153, 80, 157, 145, 79, 136, 73, 18, 132, 185, 189, 170, 181, 109, 97, 107, 12, 52, 84, 21, 192, 196, 117, 44, 71, 193, 119, 59, 129, 64, 147, 159, 89, 58]",261463,73458,3.229048013687134
92,TSPB.csv,"[69, 82, 63, 84, 8, 115, 163, 182, 2, 5, 66, 169, 164, 57, 99, 111, 122, 143, 197, 183, 34, 179, 127, 24, 121, 101, 38, 103, 131, 50, 154, 134, 25, 36, 165, 37, 137, 88, 55, 4, 153, 80, 157, 145, 79, 86, 19, 190, 46, 135, 198, 95, 172, 16, 65, 52, 12, 132, 18, 29, 33, 136, 61, 73, 185, 189, 170, 181, 147, 159, 64, 129, 89, 58, 85, 59, 119, 71, 44, 196, 192, 117, 150, 162, 114, 126, 67, 78, 156, 91, 51, 174, 140, 148, 141, 130, 142, 53, 32, 113]",250515,72946,3.187235116958618
93,TSPB.csv,"[59, 119, 166, 71, 44, 162, 150, 117, 196, 192, 156, 3, 67, 114, 85, 58, 89, 129, 64, 159, 147, 181, 170, 189, 132, 185, 73, 136, 33, 19, 79, 145, 180, 157, 80, 153, 55, 88, 137, 37, 165, 36, 25, 134, 154, 112, 50, 99, 57, 190, 198, 135, 0, 111, 26, 66, 169, 92, 122, 143, 127, 24, 121, 103, 38, 101, 31, 179, 197, 183, 34, 11, 5, 2, 182, 95, 172, 16, 8, 63, 82, 115, 69, 141, 130, 148, 140, 188, 70, 91, 51, 174, 142, 138, 14, 18, 52, 12, 107, 104]",269675,73546,3.003260850906372
94,TSPB.csv,"[129, 64, 147, 159, 89, 58, 171, 114, 67, 78, 156, 91, 51, 174, 21, 142, 130, 140, 148, 141, 13, 32, 113, 69, 115, 82, 63, 8, 40, 16, 172, 95, 163, 182, 2, 5, 128, 26, 34, 183, 197, 179, 143, 122, 127, 24, 121, 101, 38, 103, 131, 50, 99, 66, 169, 135, 0, 57, 137, 37, 165, 154, 134, 25, 36, 88, 55, 153, 80, 157, 145, 79, 120, 198, 190, 19, 33, 29, 18, 185, 73, 136, 170, 189, 132, 65, 52, 12, 107, 97, 59, 119, 193, 71, 44, 196, 192, 117, 150, 162]",271133,72734,2.9477908611297607
95,TSPB.csv,"[34, 183, 197, 31, 101, 42, 38, 103, 121, 24, 127, 179, 143, 122, 92, 99, 57, 137, 165, 37, 102, 50, 152, 112, 154, 134, 25, 36, 88, 55, 4, 153, 80, 157, 145, 19, 190, 198, 135, 0, 169, 66, 128, 178, 95, 172, 16, 18, 29, 33, 73, 61, 136, 170, 189, 185, 132, 65, 52, 12, 119, 71, 44, 196, 192, 117, 150, 162, 147, 159, 64, 129, 89, 114, 67, 78, 156, 91, 70, 51, 83, 174, 140, 148, 141, 130, 13, 142, 21, 53, 84, 8, 63, 82, 115, 163, 17, 182, 2, 5]",272034,74161,2.9248459339141846
96,TSPB.csv,"[136, 61, 73, 29, 18, 16, 8, 63, 52, 132, 185, 12, 107, 139, 193, 71, 119, 59, 147, 159, 64, 129, 89, 114, 67, 158, 162, 150, 44, 117, 196, 91, 70, 51, 174, 140, 148, 141, 130, 142, 13, 82, 115, 2, 182, 172, 95, 198, 135, 175, 46, 57, 0, 27, 169, 66, 128, 5, 11, 34, 183, 197, 122, 143, 179, 31, 101, 42, 38, 103, 121, 127, 24, 50, 112, 154, 134, 25, 36, 123, 165, 37, 102, 99, 146, 137, 88, 55, 4, 153, 56, 80, 157, 145, 79, 86, 120, 190, 19, 33]",264818,75832,2.86352801322937
97,TSPB.csv,"[172, 74, 95, 135, 169, 66, 167, 5, 34, 183, 197, 31, 101, 42, 38, 103, 131, 108, 50, 24, 127, 121, 179, 143, 122, 92, 99, 94, 112, 154, 134, 25, 36, 165, 37, 137, 56, 88, 55, 4, 153, 145, 79, 157, 80, 57, 15, 198, 190, 19, 136, 73, 18, 16, 8, 63, 82, 192, 196, 117, 150, 162, 44, 71, 119, 189, 47, 12, 107, 52, 132, 185, 170, 181, 147, 159, 64, 129, 89, 114, 158, 67, 156, 91, 51, 174, 161, 188, 140, 148, 141, 130, 142, 32, 113, 69, 115, 163, 2, 182]",263998,75577,3.023810625076294
98,TSPB.csv,"[59, 119, 193, 71, 44, 196, 191, 117, 150, 162, 155, 192, 138, 142, 130, 141, 148, 140, 174, 51, 70, 91, 156, 78, 67, 158, 114, 85, 58, 89, 129, 64, 159, 147, 181, 170, 136, 79, 145, 157, 80, 153, 4, 55, 88, 36, 25, 154, 165, 37, 137, 57, 0, 190, 19, 198, 135, 66, 169, 164, 99, 116, 50, 122, 143, 179, 121, 127, 24, 103, 38, 42, 101, 31, 197, 183, 34, 128, 5, 182, 2, 69, 115, 82, 63, 8, 172, 95, 16, 65, 173, 52, 18, 29, 33, 73, 185, 132, 12, 107]",272404,73434,3.2851850986480713
99,TSPB.csv,"[58, 129, 89, 159, 147, 64, 71, 119, 59, 97, 107, 12, 52, 173, 14, 16, 22, 29, 18, 132, 185, 189, 170, 136, 61, 73, 81, 177, 33, 6, 199, 19, 190, 198, 135, 66, 169, 57, 80, 157, 79, 145, 153, 4, 55, 88, 36, 25, 154, 137, 99, 50, 122, 143, 127, 24, 121, 103, 38, 42, 101, 31, 179, 197, 183, 34, 128, 144, 5, 133, 75, 2, 182, 95, 172, 115, 69, 82, 63, 8, 84, 138, 142, 130, 141, 148, 140, 188, 174, 51, 70, 91, 196, 117, 44, 150, 162, 67, 114, 85]",254446,78154,2.9673218727111816
100,TSPB.csv,"[5, 178, 128, 34, 183, 31, 101, 42, 38, 103, 131, 24, 127, 121, 179, 143, 122, 92, 197, 26, 66, 169, 135, 198, 57, 62, 99, 116, 43, 50, 94, 112, 154, 25, 36, 165, 37, 41, 146, 137, 88, 153, 80, 157, 145, 79, 190, 19, 33, 136, 73, 185, 132, 18, 52, 12, 107, 97, 71, 119, 59, 181, 147, 159, 64, 129, 89, 114, 67, 158, 162, 150, 44, 117, 196, 192, 91, 70, 51, 174, 140, 148, 141, 130, 142, 53, 149, 32, 113, 69, 115, 82, 63, 8, 14, 16, 172, 182, 2, 133]",265093,73290,3.2098989486694336
101,TSPB.csv,"[190, 19, 6, 33, 73, 136, 145, 157, 80, 153, 55, 88, 137, 37, 165, 194, 36, 25, 134, 154, 112, 50, 24, 127, 121, 103, 38, 101, 31, 197, 183, 34, 5, 66, 169, 26, 179, 143, 122, 43, 99, 77, 62, 57, 135, 198, 95, 172, 54, 133, 75, 182, 2, 163, 40, 115, 82, 63, 8, 106, 16, 65, 52, 12, 59, 119, 71, 44, 162, 150, 117, 196, 192, 142, 130, 141, 148, 140, 174, 51, 91, 156, 67, 114, 85, 72, 58, 89, 129, 64, 159, 147, 181, 170, 189, 185, 132, 18, 29, 168]",269665,74310,2.990548849105835
102,TSPB.csv,"[182, 163, 2, 5, 34, 183, 31, 101, 38, 103, 121, 24, 127, 179, 143, 122, 50, 99, 137, 37, 165, 154, 134, 25, 36, 88, 153, 80, 145, 136, 61, 73, 185, 33, 29, 18, 132, 52, 139, 107, 12, 109, 189, 47, 170, 181, 147, 159, 35, 89, 64, 129, 58, 171, 72, 85, 28, 59, 119, 71, 124, 44, 196, 117, 155, 150, 162, 158, 114, 126, 67, 156, 91, 70, 51, 83, 174, 188, 140, 148, 141, 130, 142, 113, 69, 82, 115, 40, 63, 8, 14, 16, 172, 95, 190, 198, 135, 169, 66, 128]",292325,74479,2.9431750774383545
103,TSPB.csv,"[16, 52, 132, 185, 18, 29, 168, 33, 6, 19, 190, 198, 135, 95, 172, 163, 182, 2, 5, 34, 31, 101, 38, 103, 121, 24, 127, 122, 143, 179, 197, 183, 66, 169, 99, 50, 112, 154, 134, 25, 36, 165, 37, 137, 88, 55, 153, 80, 157, 145, 136, 73, 76, 170, 181, 189, 47, 12, 107, 59, 119, 193, 71, 44, 117, 196, 192, 150, 162, 166, 85, 129, 64, 176, 147, 159, 89, 58, 114, 67, 3, 156, 91, 70, 51, 174, 188, 140, 148, 141, 130, 142, 53, 69, 115, 82, 63, 8, 84, 14]",276809,71859,3.0944578647613525
104,TSPB.csv,"[136, 61, 73, 33, 168, 86, 19, 190, 198, 135, 169, 66, 122, 143, 179, 121, 127, 24, 50, 99, 137, 80, 157, 145, 153, 55, 88, 37, 165, 36, 25, 154, 112, 152, 131, 103, 38, 42, 101, 31, 197, 183, 34, 5, 133, 2, 182, 95, 172, 16, 8, 63, 82, 115, 69, 113, 32, 13, 142, 130, 141, 148, 140, 174, 51, 70, 91, 156, 67, 158, 162, 150, 117, 196, 44, 71, 114, 171, 58, 89, 129, 64, 159, 147, 176, 181, 170, 189, 59, 119, 193, 139, 107, 12, 52, 132, 18, 29, 185, 10]",250635,72222,3.115478992462158
105,TSPB.csv,"[66, 169, 57, 99, 43, 50, 24, 127, 121, 179, 143, 122, 197, 183, 34, 31, 101, 38, 103, 131, 152, 112, 154, 134, 25, 36, 165, 37, 102, 137, 88, 55, 4, 153, 160, 145, 79, 157, 80, 190, 198, 135, 95, 172, 54, 182, 163, 40, 82, 63, 8, 84, 52, 16, 18, 33, 136, 61, 73, 185, 132, 12, 196, 192, 117, 150, 162, 44, 71, 119, 59, 181, 147, 159, 64, 129, 89, 58, 171, 114, 67, 156, 91, 70, 51, 174, 161, 140, 148, 141, 130, 142, 113, 69, 115, 48, 2, 133, 5, 128]",267317,73453,2.889413833618164
106,TSPB.csv,"[133, 5, 128, 66, 169, 34, 183, 197, 101, 31, 2, 182, 163, 172, 16, 173, 52, 12, 107, 59, 119, 193, 71, 44, 162, 150, 117, 196, 84, 8, 63, 82, 115, 69, 113, 53, 142, 130, 141, 148, 140, 161, 174, 51, 70, 91, 156, 67, 126, 114, 110, 72, 85, 58, 89, 129, 64, 159, 147, 87, 181, 170, 189, 185, 132, 18, 29, 33, 73, 61, 136, 79, 145, 157, 80, 153, 4, 55, 88, 137, 37, 165, 36, 25, 154, 112, 50, 24, 127, 121, 179, 143, 122, 99, 57, 135, 198, 190, 19, 95]",263968,72038,2.8587779998779297
107,TSPB.csv,"[198, 190, 19, 29, 33, 73, 136, 145, 157, 80, 153, 4, 55, 88, 137, 146, 102, 37, 165, 36, 25, 134, 154, 112, 50, 24, 127, 121, 131, 103, 38, 101, 31, 34, 183, 197, 179, 143, 122, 99, 57, 15, 0, 169, 66, 128, 5, 2, 182, 163, 115, 82, 69, 113, 32, 53, 142, 130, 141, 148, 140, 174, 51, 70, 91, 156, 67, 117, 196, 44, 150, 162, 114, 85, 129, 89, 159, 64, 71, 119, 59, 109, 189, 181, 170, 185, 132, 18, 65, 52, 12, 107, 97, 84, 63, 8, 16, 172, 95, 135]",254502,71105,2.9744820594787598
108,TSPB.csv,"[113, 32, 69, 115, 82, 63, 8, 16, 18, 132, 52, 12, 59, 119, 71, 44, 162, 150, 117, 196, 192, 9, 142, 130, 141, 148, 140, 161, 174, 51, 70, 91, 156, 67, 126, 114, 89, 129, 64, 159, 147, 181, 170, 189, 185, 73, 61, 136, 33, 29, 19, 190, 198, 175, 46, 0, 57, 137, 80, 157, 79, 145, 180, 153, 4, 55, 88, 36, 25, 154, 165, 37, 99, 50, 152, 131, 103, 38, 121, 24, 127, 143, 122, 92, 26, 183, 197, 179, 101, 31, 34, 5, 66, 169, 135, 118, 95, 172, 182, 2]",267518,74539,3.165419101715088
109,TSPB.csv,"[91, 70, 51, 174, 140, 148, 141, 130, 13, 142, 192, 196, 117, 150, 162, 44, 71, 193, 119, 59, 97, 84, 63, 82, 32, 113, 69, 115, 163, 182, 2, 5, 66, 169, 34, 183, 197, 122, 143, 179, 101, 38, 103, 121, 127, 24, 50, 43, 99, 57, 0, 135, 198, 190, 19, 137, 165, 154, 25, 36, 88, 153, 80, 157, 145, 136, 61, 73, 33, 29, 185, 18, 16, 8, 14, 52, 132, 12, 107, 109, 189, 170, 181, 187, 147, 159, 64, 129, 89, 58, 28, 166, 110, 114, 67, 45, 126, 155, 3, 156]",256034,73451,3.0440590381622314
110,TSPB.csv,"[57, 15, 0, 169, 66, 5, 34, 183, 197, 122, 143, 179, 31, 101, 38, 103, 121, 127, 24, 50, 94, 112, 154, 134, 25, 36, 123, 165, 37, 102, 99, 137, 88, 55, 4, 153, 80, 157, 145, 79, 86, 136, 61, 73, 185, 132, 52, 12, 119, 59, 189, 170, 181, 147, 159, 64, 129, 89, 58, 85, 114, 71, 44, 196, 117, 150, 162, 67, 174, 140, 148, 141, 130, 142, 53, 82, 63, 8, 115, 69, 32, 113, 2, 182, 133, 54, 163, 95, 172, 16, 14, 18, 29, 168, 33, 19, 190, 198, 135, 175]",277475,75113,3.29547119140625
111,TSPB.csv,"[119, 59, 28, 85, 71, 44, 162, 150, 117, 192, 196, 84, 8, 40, 115, 63, 82, 69, 113, 53, 13, 142, 130, 141, 148, 140, 161, 174, 51, 70, 91, 156, 45, 67, 126, 114, 72, 171, 58, 89, 129, 64, 159, 147, 181, 170, 189, 185, 73, 61, 136, 33, 29, 19, 190, 198, 135, 66, 169, 164, 0, 99, 77, 15, 57, 80, 157, 145, 153, 55, 88, 137, 165, 36, 25, 154, 112, 50, 127, 121, 103, 38, 101, 31, 179, 143, 197, 34, 5, 2, 182, 95, 172, 16, 14, 52, 18, 132, 12, 107]",250415,74005,3.0753729343414307
112,TSPB.csv,"[54, 133, 75, 182, 2, 163, 8, 63, 82, 115, 69, 196, 117, 44, 150, 162, 192, 142, 130, 141, 148, 140, 174, 51, 70, 91, 156, 45, 67, 158, 114, 85, 58, 89, 159, 64, 129, 59, 119, 71, 193, 139, 107, 12, 52, 132, 185, 73, 136, 145, 157, 80, 153, 4, 55, 88, 137, 37, 165, 123, 36, 25, 134, 154, 23, 112, 94, 152, 50, 122, 127, 24, 121, 131, 103, 38, 101, 179, 143, 197, 183, 34, 5, 128, 66, 169, 99, 77, 62, 57, 135, 198, 190, 19, 33, 29, 18, 16, 172, 95]",274332,73725,3.2399580478668213
113,TSPB.csv,"[32, 184, 113, 69, 115, 82, 84, 8, 63, 40, 163, 182, 2, 5, 34, 31, 101, 38, 103, 121, 24, 127, 179, 143, 122, 66, 169, 0, 57, 99, 50, 112, 154, 134, 25, 36, 165, 37, 137, 88, 153, 80, 157, 145, 136, 73, 185, 132, 18, 19, 190, 198, 135, 95, 172, 16, 65, 52, 12, 107, 139, 119, 59, 189, 47, 170, 181, 159, 64, 129, 89, 114, 126, 67, 156, 3, 155, 158, 162, 28, 71, 44, 150, 117, 196, 192, 60, 138, 142, 130, 161, 174, 91, 51, 140, 148, 141, 53, 149, 96]",260097,74780,3.207458972930908
114,TSPB.csv,"[21, 192, 196, 117, 150, 44, 71, 119, 59, 12, 107, 139, 84, 8, 63, 82, 115, 69, 2, 182, 163, 95, 172, 16, 52, 18, 29, 33, 19, 190, 198, 135, 169, 66, 92, 122, 143, 127, 24, 121, 179, 197, 183, 34, 31, 101, 38, 103, 131, 94, 112, 154, 134, 25, 36, 88, 55, 137, 165, 37, 102, 50, 99, 57, 153, 80, 157, 145, 79, 136, 73, 185, 132, 189, 170, 181, 147, 159, 64, 129, 89, 58, 171, 28, 166, 114, 162, 67, 3, 156, 91, 70, 51, 174, 140, 148, 141, 130, 142, 138]",264525,69474,3.3330161571502686
115,TSPB.csv,"[72, 114, 85, 28, 71, 44, 196, 117, 150, 162, 158, 67, 78, 156, 91, 70, 51, 174, 140, 148, 141, 130, 142, 192, 60, 8, 63, 82, 115, 163, 182, 2, 5, 34, 183, 197, 31, 101, 38, 103, 121, 127, 179, 143, 122, 66, 135, 198, 46, 57, 0, 77, 99, 50, 112, 154, 25, 36, 165, 37, 137, 88, 55, 153, 80, 157, 145, 79, 190, 19, 22, 95, 118, 172, 16, 65, 52, 132, 18, 33, 136, 73, 185, 76, 170, 181, 189, 109, 12, 107, 97, 193, 119, 59, 147, 159, 64, 129, 89, 58]",264290,74484,3.331634998321533
116,TSPB.csv,"[59, 119, 193, 71, 44, 162, 158, 150, 117, 196, 192, 138, 63, 82, 115, 69, 142, 130, 141, 148, 140, 174, 51, 91, 156, 3, 67, 114, 110, 166, 85, 171, 58, 89, 129, 64, 159, 147, 181, 170, 189, 185, 73, 61, 136, 33, 29, 19, 190, 198, 135, 80, 157, 79, 145, 180, 153, 4, 55, 88, 137, 37, 165, 36, 25, 154, 112, 94, 50, 131, 103, 38, 42, 101, 31, 34, 183, 197, 122, 143, 179, 121, 24, 127, 99, 169, 66, 144, 128, 5, 182, 172, 16, 18, 132, 52, 8, 84, 12, 107]",279487,71652,3.365257978439331
117,TSPB.csv,"[2, 182, 163, 172, 95, 22, 19, 190, 198, 135, 66, 5, 34, 183, 197, 31, 101, 38, 103, 121, 179, 143, 122, 127, 24, 50, 99, 0, 57, 146, 137, 41, 37, 165, 154, 134, 25, 36, 88, 55, 4, 153, 80, 157, 145, 73, 185, 132, 18, 16, 52, 12, 109, 189, 170, 181, 187, 87, 147, 159, 64, 129, 89, 58, 85, 110, 114, 67, 156, 91, 51, 174, 161, 140, 148, 141, 130, 142, 192, 196, 117, 150, 162, 44, 71, 193, 119, 59, 97, 107, 139, 84, 8, 63, 82, 20, 115, 69, 32, 113]",254158,72875,3.308042049407959
118,TSPB.csv,"[67, 126, 114, 85, 72, 58, 129, 89, 159, 147, 64, 166, 71, 119, 59, 139, 107, 12, 189, 181, 170, 73, 136, 79, 145, 157, 80, 153, 4, 55, 88, 56, 137, 37, 165, 36, 25, 154, 112, 131, 103, 38, 101, 31, 197, 183, 34, 5, 66, 169, 122, 143, 179, 121, 127, 24, 50, 99, 57, 135, 198, 190, 19, 33, 185, 132, 18, 52, 16, 172, 95, 163, 182, 2, 113, 32, 69, 115, 82, 63, 8, 84, 196, 44, 162, 150, 117, 192, 53, 149, 142, 130, 141, 148, 140, 174, 51, 91, 156, 78]",263843,70955,3.5139122009277344
119,TSPB.csv,"[190, 19, 33, 29, 18, 81, 73, 61, 136, 185, 132, 52, 12, 189, 47, 170, 181, 59, 119, 71, 166, 110, 64, 147, 159, 89, 129, 58, 114, 67, 158, 162, 150, 44, 117, 196, 192, 91, 70, 51, 174, 140, 148, 141, 130, 142, 53, 69, 115, 82, 63, 8, 16, 22, 95, 172, 163, 182, 2, 5, 34, 183, 197, 179, 143, 122, 66, 169, 135, 198, 57, 99, 43, 50, 24, 127, 121, 31, 101, 42, 38, 103, 131, 152, 112, 154, 134, 25, 36, 165, 37, 137, 88, 55, 4, 153, 80, 157, 145, 79]",246240,70471,3.583696126937866
120,TSPB.csv,"[99, 154, 25, 36, 165, 37, 137, 57, 0, 169, 66, 135, 198, 190, 19, 199, 157, 80, 55, 88, 4, 153, 145, 79, 136, 61, 73, 33, 29, 18, 132, 185, 76, 47, 189, 170, 181, 147, 159, 64, 129, 89, 58, 85, 110, 114, 126, 67, 78, 156, 91, 51, 174, 140, 148, 141, 130, 142, 21, 192, 196, 117, 150, 162, 44, 71, 119, 59, 12, 52, 65, 16, 172, 8, 63, 82, 20, 115, 69, 32, 113, 30, 163, 182, 2, 5, 34, 183, 197, 31, 101, 38, 103, 121, 24, 127, 179, 143, 122, 50]",266273,74021,3.3657801151275635
121,TSPB.csv,"[66, 169, 0, 57, 135, 198, 190, 19, 95, 172, 16, 8, 40, 115, 113, 32, 69, 82, 63, 7, 14, 52, 107, 59, 119, 71, 44, 162, 150, 117, 196, 192, 60, 138, 53, 149, 142, 130, 141, 148, 140, 174, 51, 91, 156, 78, 45, 67, 114, 58, 89, 129, 64, 159, 147, 12, 132, 18, 29, 185, 73, 136, 79, 145, 157, 80, 153, 55, 88, 36, 25, 154, 165, 137, 99, 50, 152, 131, 103, 38, 101, 31, 179, 143, 121, 24, 127, 122, 197, 183, 34, 26, 5, 105, 2, 17, 163, 182, 178, 128]",249088,75349,3.2525460720062256
122,TSPB.csv,"[142, 130, 174, 51, 91, 70, 83, 188, 140, 148, 141, 69, 115, 82, 63, 8, 16, 18, 29, 95, 172, 163, 2, 182, 75, 54, 133, 5, 128, 144, 169, 66, 34, 183, 197, 92, 122, 143, 179, 127, 24, 121, 31, 101, 38, 103, 131, 50, 112, 154, 25, 36, 165, 37, 102, 99, 57, 146, 137, 88, 55, 4, 153, 80, 157, 145, 135, 198, 190, 19, 136, 73, 185, 132, 52, 12, 109, 107, 139, 59, 119, 71, 44, 196, 60, 117, 150, 162, 85, 129, 64, 147, 159, 89, 58, 114, 67, 78, 156, 192]",284344,74205,3.4652931690216064
123,TSPB.csv,"[72, 85, 114, 67, 156, 91, 70, 51, 174, 140, 148, 141, 130, 142, 53, 69, 115, 82, 63, 21, 192, 196, 117, 150, 162, 44, 71, 119, 59, 107, 12, 52, 8, 16, 132, 18, 29, 33, 19, 190, 198, 135, 95, 172, 163, 182, 2, 133, 5, 26, 66, 169, 57, 77, 99, 116, 111, 122, 143, 179, 197, 183, 34, 31, 101, 38, 103, 121, 127, 24, 50, 112, 154, 134, 25, 36, 123, 165, 37, 102, 137, 88, 55, 4, 153, 160, 180, 80, 157, 145, 136, 61, 73, 185, 147, 159, 64, 129, 89, 58]",270898,72270,3.318350076675415
124,TSPB.csv,"[189, 109, 107, 12, 52, 8, 63, 82, 69, 115, 40, 16, 172, 95, 163, 182, 2, 133, 167, 5, 34, 183, 197, 179, 31, 101, 38, 103, 131, 152, 112, 154, 134, 25, 36, 88, 55, 4, 153, 180, 145, 79, 157, 80, 137, 165, 37, 102, 99, 50, 24, 127, 121, 143, 122, 66, 135, 198, 190, 19, 199, 33, 29, 18, 132, 185, 73, 61, 136, 170, 181, 147, 159, 64, 129, 89, 85, 114, 158, 67, 156, 91, 70, 51, 174, 140, 148, 141, 130, 142, 192, 196, 117, 150, 162, 44, 71, 193, 119, 59]",263354,70596,3.606165885925293
125,TSPB.csv,"[73, 136, 33, 19, 190, 79, 145, 180, 157, 80, 153, 55, 88, 137, 37, 165, 36, 25, 134, 154, 112, 94, 131, 103, 38, 121, 143, 122, 127, 24, 50, 99, 57, 169, 66, 135, 198, 118, 95, 172, 163, 182, 5, 34, 183, 197, 179, 101, 31, 105, 2, 69, 113, 32, 142, 130, 141, 148, 140, 174, 67, 162, 150, 44, 117, 196, 192, 138, 82, 115, 20, 63, 8, 16, 14, 7, 139, 12, 107, 97, 59, 119, 71, 166, 114, 58, 89, 129, 64, 159, 147, 181, 170, 189, 185, 132, 52, 65, 18, 29]",265940,76469,3.267223834991455
126,TSPB.csv,"[190, 19, 22, 95, 172, 16, 14, 52, 12, 132, 185, 18, 29, 33, 81, 73, 61, 136, 10, 170, 189, 181, 87, 147, 159, 64, 129, 89, 114, 67, 158, 162, 71, 119, 59, 109, 107, 44, 150, 117, 196, 51, 91, 70, 174, 140, 148, 141, 130, 142, 69, 115, 82, 63, 8, 163, 182, 2, 5, 128, 11, 34, 183, 197, 92, 122, 127, 143, 179, 31, 101, 38, 103, 121, 24, 50, 94, 112, 154, 25, 36, 165, 37, 88, 137, 99, 57, 0, 169, 66, 135, 198, 157, 80, 55, 4, 153, 160, 145, 79]",254884,74973,2.940819025039673
127,TSPB.csv,"[119, 59, 12, 107, 71, 44, 150, 117, 196, 192, 156, 91, 70, 51, 174, 140, 148, 141, 130, 142, 69, 115, 82, 63, 8, 163, 182, 172, 74, 95, 198, 135, 169, 66, 128, 178, 5, 167, 2, 105, 34, 183, 197, 26, 92, 122, 143, 179, 31, 101, 38, 103, 131, 93, 121, 127, 24, 50, 43, 37, 165, 154, 134, 25, 36, 88, 153, 137, 99, 57, 80, 157, 145, 190, 19, 33, 29, 18, 16, 65, 52, 132, 185, 73, 61, 136, 170, 189, 181, 147, 159, 64, 129, 89, 58, 114, 67, 158, 162, 166]",269440,73035,3.9566330909729004
128,TSPB.csv,"[91, 70, 51, 174, 161, 140, 148, 141, 130, 142, 113, 69, 115, 82, 63, 196, 117, 150, 162, 44, 71, 119, 59, 97, 107, 12, 52, 65, 14, 8, 16, 18, 132, 185, 81, 29, 168, 95, 172, 163, 182, 2, 5, 34, 183, 197, 92, 122, 143, 179, 127, 24, 121, 31, 101, 38, 103, 112, 154, 25, 36, 88, 55, 153, 145, 79, 157, 80, 137, 165, 37, 99, 57, 0, 169, 66, 135, 198, 190, 19, 6, 33, 73, 61, 136, 90, 170, 100, 189, 181, 147, 159, 64, 129, 89, 58, 114, 67, 3, 156]",254709,72607,4.261056900024414
129,TSPB.csv,"[154, 134, 25, 36, 194, 68, 137, 88, 153, 80, 157, 145, 79, 19, 190, 198, 135, 57, 77, 169, 66, 128, 95, 172, 16, 52, 18, 132, 185, 73, 136, 189, 12, 44, 196, 191, 60, 192, 117, 150, 162, 124, 71, 119, 59, 147, 159, 64, 129, 89, 114, 67, 3, 156, 91, 70, 51, 174, 188, 140, 148, 141, 130, 142, 21, 53, 113, 69, 115, 82, 63, 8, 163, 182, 133, 2, 105, 5, 34, 183, 197, 31, 101, 42, 38, 103, 131, 50, 24, 127, 121, 179, 143, 122, 92, 111, 99, 37, 165, 123]",266084,76205,3.5093979835510254
130,TSPB.csv,"[82, 63, 8, 115, 182, 2, 31, 101, 38, 103, 121, 24, 127, 122, 143, 179, 197, 183, 34, 5, 128, 95, 172, 19, 190, 198, 135, 98, 66, 169, 164, 57, 99, 137, 37, 165, 154, 134, 25, 36, 88, 55, 4, 153, 80, 157, 145, 136, 61, 73, 33, 6, 29, 18, 16, 52, 132, 185, 170, 100, 181, 189, 47, 109, 12, 107, 97, 71, 119, 59, 147, 159, 64, 129, 89, 58, 72, 114, 67, 162, 150, 44, 117, 196, 192, 21, 138, 142, 130, 174, 51, 91, 70, 140, 148, 141, 184, 32, 113, 69]",258760,73402,4.007045269012451
131,TSPB.csv,"[136, 61, 73, 185, 33, 79, 145, 157, 153, 4, 55, 88, 137, 37, 165, 36, 25, 134, 154, 50, 99, 57, 80, 120, 190, 19, 29, 18, 132, 52, 65, 14, 8, 16, 172, 198, 135, 169, 66, 26, 122, 143, 127, 24, 121, 103, 38, 101, 31, 179, 197, 183, 34, 5, 105, 2, 182, 163, 40, 115, 69, 113, 32, 82, 63, 84, 107, 12, 109, 59, 119, 193, 71, 44, 162, 150, 117, 196, 142, 130, 141, 148, 140, 174, 51, 91, 156, 67, 114, 89, 129, 64, 159, 147, 181, 189, 47, 170, 90, 10]",270608,73953,4.071885108947754
132,TSPB.csv,"[52, 12, 132, 18, 29, 168, 6, 33, 136, 61, 73, 185, 170, 181, 189, 107, 97, 59, 119, 71, 166, 28, 64, 147, 159, 89, 129, 58, 171, 110, 114, 67, 158, 162, 150, 44, 117, 196, 192, 142, 174, 51, 91, 70, 161, 188, 140, 148, 130, 141, 69, 82, 115, 2, 182, 5, 66, 169, 26, 197, 183, 34, 31, 101, 38, 103, 131, 121, 179, 143, 122, 127, 24, 50, 99, 57, 137, 37, 165, 123, 154, 134, 25, 36, 88, 55, 153, 80, 157, 145, 19, 190, 198, 135, 172, 16, 8, 63, 14, 173]",253446,72570,3.9279532432556152
133,TSPB.csv,"[136, 61, 73, 185, 132, 18, 29, 16, 65, 52, 12, 119, 59, 147, 159, 89, 129, 64, 71, 44, 117, 150, 162, 158, 114, 67, 156, 192, 196, 60, 174, 51, 91, 70, 140, 148, 141, 130, 142, 82, 115, 63, 7, 8, 40, 2, 133, 182, 163, 172, 95, 190, 19, 120, 198, 135, 169, 66, 144, 128, 5, 34, 183, 197, 92, 122, 143, 179, 121, 31, 101, 38, 103, 131, 24, 127, 50, 43, 99, 102, 112, 154, 134, 25, 36, 88, 55, 4, 153, 137, 165, 37, 62, 57, 80, 157, 145, 79, 6, 33]",275778,76060,4.4997398853302
134,TSPB.csv,"[162, 150, 166, 110, 114, 85, 171, 58, 129, 89, 159, 147, 64, 28, 181, 170, 189, 47, 185, 73, 61, 136, 33, 19, 190, 46, 57, 146, 137, 80, 157, 145, 153, 55, 88, 37, 165, 36, 25, 134, 154, 112, 94, 50, 24, 121, 101, 31, 34, 183, 179, 143, 127, 99, 66, 169, 135, 198, 29, 18, 132, 52, 65, 16, 172, 95, 182, 2, 163, 40, 115, 113, 69, 82, 63, 8, 139, 107, 12, 109, 59, 119, 71, 44, 117, 196, 192, 21, 142, 130, 141, 148, 140, 174, 51, 91, 156, 78, 67, 126]",255413,74581,4.041494846343994
135,TSPB.csv,"[129, 64, 147, 159, 89, 58, 171, 85, 114, 126, 67, 91, 51, 174, 188, 140, 148, 141, 130, 142, 138, 53, 149, 82, 63, 8, 115, 2, 182, 133, 5, 66, 169, 34, 183, 197, 179, 143, 122, 127, 24, 121, 101, 38, 103, 131, 152, 112, 50, 99, 137, 41, 37, 165, 154, 134, 25, 36, 88, 56, 55, 4, 153, 145, 79, 157, 80, 57, 77, 0, 135, 198, 190, 19, 95, 172, 16, 14, 52, 65, 18, 29, 136, 73, 185, 132, 189, 12, 107, 97, 59, 119, 71, 44, 196, 192, 117, 150, 162, 166]",248655,74498,3.7913079261779785
136,TSPB.csv,"[172, 95, 198, 190, 19, 33, 29, 18, 16, 52, 132, 12, 107, 139, 84, 7, 8, 63, 82, 115, 69, 113, 53, 141, 148, 140, 130, 142, 21, 192, 174, 51, 91, 156, 67, 162, 150, 117, 196, 44, 71, 119, 59, 114, 72, 58, 89, 129, 64, 159, 147, 187, 181, 100, 170, 189, 185, 73, 136, 79, 145, 157, 80, 153, 88, 137, 41, 37, 165, 36, 25, 134, 154, 112, 49, 50, 43, 99, 57, 46, 135, 169, 66, 122, 143, 127, 24, 121, 131, 103, 38, 101, 31, 179, 197, 183, 34, 5, 2, 182]",274889,72410,3.590785026550293
137,TSPB.csv,"[178, 128, 5, 2, 182, 17, 163, 115, 69, 82, 63, 8, 16, 65, 52, 132, 12, 107, 59, 119, 71, 44, 117, 196, 142, 130, 141, 148, 140, 174, 91, 67, 162, 150, 166, 114, 58, 89, 129, 64, 159, 147, 181, 170, 189, 185, 18, 29, 33, 73, 136, 79, 145, 157, 80, 153, 4, 55, 88, 56, 137, 37, 165, 36, 25, 154, 112, 50, 131, 103, 38, 101, 121, 24, 127, 179, 34, 183, 197, 143, 122, 92, 27, 43, 116, 99, 77, 57, 0, 135, 198, 190, 19, 22, 172, 95, 98, 169, 66, 144]",256059,76576,3.5185770988464355
138,TSPB.csv,"[142, 130, 141, 148, 140, 161, 174, 51, 70, 91, 156, 192, 196, 117, 44, 150, 162, 67, 114, 58, 89, 159, 64, 129, 85, 166, 28, 71, 119, 59, 97, 189, 181, 170, 12, 107, 139, 52, 173, 132, 185, 18, 33, 73, 61, 136, 79, 145, 180, 157, 80, 153, 4, 55, 88, 137, 194, 36, 25, 134, 154, 112, 165, 37, 99, 116, 43, 50, 103, 38, 101, 31, 179, 121, 24, 127, 122, 143, 197, 183, 34, 66, 169, 0, 57, 77, 46, 190, 19, 198, 135, 2, 182, 172, 16, 8, 63, 115, 82, 84]",264798,74804,3.7151408195495605
139,TSPB.csv,"[34, 183, 197, 122, 143, 179, 31, 101, 38, 103, 131, 121, 127, 24, 50, 43, 99, 137, 37, 165, 154, 25, 36, 88, 55, 4, 153, 80, 157, 145, 79, 135, 198, 190, 19, 33, 136, 73, 29, 18, 16, 14, 195, 52, 132, 185, 170, 181, 189, 12, 107, 97, 59, 119, 193, 71, 166, 147, 159, 64, 129, 89, 58, 85, 114, 67, 156, 162, 150, 44, 117, 196, 192, 142, 130, 174, 140, 148, 141, 53, 32, 113, 69, 115, 82, 63, 8, 172, 95, 182, 2, 5, 128, 144, 66, 169, 57, 15, 27, 26]",264434,73880,3.627255916595459
140,TSPB.csv,"[91, 70, 51, 174, 140, 148, 141, 130, 142, 53, 149, 96, 32, 113, 69, 30, 115, 82, 63, 8, 14, 65, 52, 132, 185, 29, 18, 16, 172, 95, 190, 198, 135, 182, 2, 5, 128, 144, 66, 169, 92, 122, 143, 179, 197, 183, 34, 31, 101, 121, 127, 24, 131, 38, 103, 152, 50, 99, 137, 37, 165, 154, 134, 25, 36, 88, 55, 153, 80, 157, 145, 136, 61, 73, 170, 181, 147, 159, 64, 129, 89, 72, 114, 110, 166, 59, 104, 189, 12, 107, 139, 119, 71, 44, 196, 117, 150, 162, 67, 156]",282558,73468,3.776221990585327
141,TSPB.csv,"[142, 21, 53, 149, 32, 113, 69, 115, 40, 82, 63, 8, 7, 16, 172, 95, 182, 2, 5, 128, 178, 144, 66, 169, 57, 99, 43, 92, 122, 143, 197, 183, 34, 179, 127, 24, 121, 1, 31, 101, 38, 103, 131, 50, 94, 112, 154, 134, 25, 36, 23, 165, 37, 146, 137, 88, 55, 153, 80, 157, 145, 79, 135, 198, 190, 19, 33, 136, 61, 73, 185, 29, 18, 132, 52, 12, 107, 59, 119, 71, 44, 196, 117, 150, 162, 64, 129, 89, 114, 67, 156, 91, 70, 51, 174, 140, 148, 141, 130, 13]",273715,75812,3.6155612468719482
142,TSPB.csv,"[34, 183, 197, 179, 121, 24, 127, 143, 122, 99, 43, 50, 112, 154, 134, 25, 36, 194, 123, 165, 37, 137, 88, 55, 4, 153, 80, 157, 145, 79, 19, 190, 198, 135, 95, 172, 16, 132, 18, 29, 33, 136, 61, 73, 185, 47, 189, 170, 100, 181, 147, 159, 64, 129, 89, 58, 28, 166, 114, 67, 45, 78, 156, 91, 70, 51, 174, 140, 148, 141, 130, 142, 21, 192, 196, 117, 150, 162, 44, 71, 119, 59, 97, 139, 107, 12, 52, 14, 8, 40, 63, 82, 115, 2, 182, 5, 178, 66, 169, 26]",271020,72196,3.3040859699249268
143,TSPB.csv,"[66, 169, 57, 77, 99, 122, 143, 179, 197, 183, 34, 31, 101, 38, 103, 121, 127, 24, 50, 154, 25, 36, 165, 37, 137, 88, 55, 4, 153, 80, 157, 180, 145, 79, 136, 73, 33, 19, 190, 168, 29, 185, 132, 18, 65, 52, 12, 107, 189, 170, 181, 147, 159, 64, 129, 89, 58, 72, 85, 114, 67, 156, 155, 158, 162, 150, 166, 59, 119, 71, 44, 117, 196, 60, 192, 21, 91, 70, 51, 174, 161, 188, 140, 148, 141, 130, 142, 82, 115, 63, 8, 16, 172, 182, 2, 5, 95, 198, 135, 175]",269627,73100,3.335811138153076
144,TSPB.csv,"[99, 116, 50, 131, 103, 38, 101, 31, 34, 183, 197, 143, 179, 121, 24, 127, 122, 92, 66, 169, 135, 198, 190, 95, 172, 16, 65, 52, 8, 63, 82, 40, 115, 69, 113, 142, 130, 141, 148, 140, 70, 91, 51, 174, 138, 60, 192, 196, 117, 44, 150, 162, 158, 156, 67, 114, 110, 71, 119, 59, 28, 166, 58, 89, 129, 64, 159, 147, 181, 170, 189, 97, 107, 12, 132, 185, 18, 29, 33, 73, 61, 136, 79, 145, 157, 80, 57, 137, 153, 4, 55, 88, 37, 165, 123, 36, 25, 134, 154, 112]",276518,71750,5.15244197845459
145,TSPB.csv,"[119, 59, 28, 166, 67, 114, 171, 58, 89, 129, 64, 159, 147, 181, 170, 47, 189, 132, 18, 29, 177, 81, 185, 10, 136, 61, 73, 33, 19, 190, 145, 157, 80, 62, 57, 198, 135, 66, 122, 127, 121, 24, 99, 37, 165, 137, 153, 4, 55, 88, 194, 36, 25, 134, 154, 112, 103, 38, 101, 31, 179, 143, 197, 34, 5, 133, 2, 182, 163, 95, 172, 16, 52, 12, 107, 139, 84, 14, 8, 63, 115, 82, 13, 142, 130, 141, 148, 140, 174, 70, 91, 51, 192, 196, 117, 150, 162, 44, 71, 193]",255017,74743,4.927653074264526
146,TSPB.csv,"[192, 196, 117, 150, 44, 71, 162, 158, 67, 114, 89, 129, 64, 159, 147, 187, 181, 170, 47, 189, 109, 59, 119, 97, 107, 12, 52, 173, 18, 132, 185, 177, 29, 33, 73, 61, 136, 79, 145, 157, 80, 19, 190, 198, 135, 57, 137, 153, 88, 36, 25, 134, 154, 50, 24, 121, 131, 103, 38, 42, 101, 31, 34, 183, 197, 179, 143, 127, 99, 0, 169, 66, 5, 133, 2, 182, 163, 95, 172, 16, 14, 7, 8, 63, 40, 115, 82, 69, 113, 53, 142, 130, 141, 148, 140, 174, 51, 70, 91, 156]",267799,74087,5.040556907653809
147,TSPB.csv,"[80, 157, 79, 145, 153, 55, 88, 137, 146, 37, 165, 36, 25, 154, 112, 50, 24, 127, 121, 103, 38, 101, 31, 179, 143, 122, 197, 183, 34, 5, 167, 2, 182, 163, 8, 63, 82, 115, 69, 113, 32, 142, 130, 141, 148, 140, 174, 51, 70, 91, 192, 196, 117, 150, 44, 193, 71, 162, 158, 67, 114, 72, 89, 129, 64, 159, 147, 59, 119, 107, 12, 189, 185, 73, 61, 136, 33, 168, 29, 177, 18, 132, 52, 16, 172, 74, 95, 19, 120, 190, 198, 135, 46, 57, 164, 169, 66, 27, 99, 62]",262059,76225,4.727729082107544
148,TSPB.csv,"[198, 135, 57, 190, 19, 29, 81, 185, 132, 18, 16, 52, 195, 8, 63, 82, 115, 69, 53, 142, 130, 141, 148, 140, 188, 174, 51, 91, 156, 3, 67, 126, 162, 150, 117, 196, 44, 71, 119, 59, 110, 114, 85, 58, 89, 129, 64, 159, 147, 87, 107, 12, 189, 181, 170, 136, 61, 73, 33, 79, 145, 157, 80, 153, 55, 88, 36, 25, 134, 154, 123, 165, 37, 137, 99, 50, 24, 127, 121, 103, 38, 101, 31, 179, 143, 122, 197, 183, 34, 169, 66, 178, 5, 167, 133, 2, 182, 163, 172, 95]",261046,72640,4.91974401473999
149,TSPB.csv,"[142, 130, 141, 148, 140, 161, 174, 51, 70, 91, 156, 67, 126, 114, 85, 58, 89, 129, 64, 159, 147, 181, 185, 73, 61, 136, 86, 79, 145, 157, 80, 153, 4, 55, 88, 137, 37, 165, 36, 25, 134, 154, 112, 94, 50, 24, 127, 121, 101, 31, 179, 143, 122, 197, 183, 34, 128, 5, 2, 182, 163, 40, 115, 69, 113, 32, 53, 82, 63, 8, 172, 95, 66, 169, 0, 99, 57, 135, 198, 190, 19, 6, 33, 16, 18, 132, 52, 12, 107, 59, 119, 193, 71, 44, 150, 162, 158, 117, 196, 192]",263402,71899,5.025244951248169
150,TSPB.csv,"[66, 169, 135, 198, 128, 5, 2, 182, 8, 16, 65, 52, 12, 107, 59, 119, 193, 71, 44, 162, 150, 117, 196, 192, 63, 82, 115, 69, 53, 142, 130, 141, 148, 140, 161, 174, 51, 70, 91, 156, 3, 67, 126, 158, 114, 58, 89, 129, 64, 159, 147, 189, 132, 185, 73, 136, 33, 29, 18, 172, 74, 95, 190, 145, 157, 80, 57, 56, 153, 4, 55, 88, 36, 25, 134, 154, 123, 165, 37, 137, 41, 102, 99, 50, 49, 112, 131, 103, 38, 101, 121, 24, 127, 122, 143, 179, 197, 183, 34, 26]",277962,74711,4.797367095947266
151,TSPB.csv,"[91, 70, 51, 174, 140, 148, 141, 130, 142, 53, 32, 113, 69, 115, 82, 63, 8, 40, 16, 52, 132, 18, 172, 182, 2, 5, 34, 183, 197, 179, 143, 122, 127, 24, 121, 31, 101, 42, 38, 103, 131, 50, 99, 137, 165, 154, 25, 36, 88, 55, 153, 80, 157, 145, 79, 169, 66, 135, 198, 190, 19, 168, 29, 33, 136, 61, 73, 185, 189, 170, 181, 147, 159, 64, 129, 89, 58, 72, 114, 85, 166, 59, 104, 12, 107, 97, 139, 119, 71, 44, 196, 60, 21, 192, 117, 150, 162, 67, 45, 156]",277230,71649,4.921195030212402
152,TSPB.csv,"[196, 21, 192, 117, 44, 150, 162, 67, 91, 51, 174, 140, 148, 141, 130, 142, 53, 113, 69, 115, 82, 63, 8, 14, 16, 29, 33, 19, 190, 46, 175, 135, 198, 95, 172, 182, 2, 5, 34, 31, 101, 121, 24, 127, 122, 143, 179, 197, 183, 66, 169, 57, 62, 99, 116, 50, 112, 154, 134, 25, 36, 165, 37, 41, 137, 88, 55, 4, 153, 80, 157, 145, 79, 136, 61, 73, 185, 132, 18, 52, 12, 189, 47, 170, 100, 181, 176, 147, 159, 64, 129, 89, 58, 171, 114, 110, 71, 119, 59, 107]",268960,75297,3.6035990715026855
153,TSPB.csv,"[3, 156, 91, 70, 51, 83, 174, 140, 148, 141, 130, 142, 21, 192, 117, 150, 162, 44, 196, 32, 113, 69, 115, 82, 63, 8, 182, 2, 5, 26, 34, 183, 197, 92, 122, 143, 179, 31, 101, 38, 103, 131, 121, 127, 24, 50, 99, 102, 137, 37, 165, 154, 134, 25, 36, 88, 55, 4, 153, 145, 157, 80, 57, 169, 66, 135, 198, 190, 19, 95, 172, 16, 52, 132, 185, 18, 29, 33, 73, 136, 170, 181, 189, 12, 107, 59, 119, 71, 28, 147, 159, 64, 129, 89, 58, 72, 85, 114, 67, 45]",271566,69803,3.6612300872802734
154,TSPB.csv,"[14, 16, 18, 29, 185, 73, 61, 136, 79, 145, 157, 80, 153, 55, 88, 137, 37, 165, 36, 25, 134, 154, 112, 50, 24, 127, 121, 101, 31, 179, 143, 122, 197, 183, 34, 26, 99, 77, 57, 190, 19, 198, 135, 169, 66, 128, 5, 167, 2, 182, 163, 95, 172, 8, 63, 82, 115, 69, 53, 142, 130, 141, 148, 140, 188, 174, 51, 70, 91, 156, 78, 155, 192, 196, 117, 44, 150, 162, 158, 67, 114, 85, 58, 89, 129, 64, 159, 147, 181, 170, 189, 132, 52, 12, 107, 97, 59, 119, 71, 84]",264200,71239,3.4012749195098877
155,TSPB.csv,"[69, 113, 30, 115, 82, 63, 7, 8, 172, 74, 95, 16, 14, 52, 132, 18, 29, 33, 120, 19, 190, 198, 135, 57, 99, 169, 66, 133, 182, 2, 5, 34, 183, 197, 31, 101, 121, 24, 127, 179, 143, 122, 50, 154, 25, 36, 137, 88, 153, 80, 157, 145, 136, 73, 185, 76, 170, 181, 147, 159, 64, 129, 89, 58, 85, 114, 71, 193, 119, 59, 189, 12, 107, 97, 196, 117, 44, 150, 162, 126, 67, 45, 156, 91, 70, 51, 174, 140, 148, 141, 130, 13, 142, 192, 21, 138, 53, 96, 32, 184]",249995,78017,3.3299078941345215
156,TSPB.csv,"[63, 8, 84, 14, 52, 18, 16, 172, 95, 163, 182, 2, 5, 178, 128, 135, 198, 190, 57, 0, 169, 66, 34, 183, 197, 122, 143, 179, 31, 101, 38, 103, 121, 127, 24, 50, 99, 137, 37, 165, 123, 154, 134, 25, 36, 88, 153, 80, 157, 145, 79, 136, 61, 10, 73, 33, 29, 185, 132, 12, 107, 189, 170, 100, 181, 87, 147, 159, 64, 129, 89, 72, 114, 67, 156, 162, 71, 59, 119, 193, 44, 150, 117, 196, 192, 21, 142, 130, 174, 91, 51, 140, 148, 141, 53, 113, 69, 115, 40, 82]",279733,72318,3.981632947921753
157,TSPB.csv,"[50, 99, 57, 0, 135, 198, 190, 19, 172, 95, 169, 66, 92, 122, 143, 179, 121, 127, 24, 131, 103, 38, 101, 31, 197, 183, 34, 5, 2, 182, 163, 40, 115, 8, 63, 82, 69, 113, 32, 13, 142, 130, 141, 148, 140, 161, 174, 51, 70, 91, 156, 67, 114, 72, 89, 159, 147, 64, 129, 166, 162, 150, 192, 196, 117, 44, 71, 193, 119, 59, 181, 170, 47, 189, 12, 107, 84, 52, 16, 18, 132, 185, 73, 61, 136, 79, 145, 157, 80, 153, 4, 55, 88, 137, 37, 165, 36, 25, 154, 112]",265744,69835,3.490699052810669
158,TSPB.csv,"[66, 169, 135, 198, 190, 19, 95, 172, 16, 52, 195, 14, 8, 63, 40, 115, 82, 53, 142, 130, 141, 148, 140, 83, 70, 91, 51, 174, 192, 196, 117, 44, 150, 162, 78, 156, 67, 126, 114, 72, 58, 89, 129, 64, 159, 147, 187, 28, 166, 71, 59, 119, 193, 139, 107, 12, 47, 189, 181, 170, 185, 132, 18, 29, 33, 73, 61, 136, 145, 157, 80, 57, 99, 137, 153, 55, 88, 36, 25, 154, 165, 37, 50, 24, 121, 131, 103, 38, 101, 31, 179, 127, 122, 143, 197, 183, 34, 5, 2, 182]",276363,72298,3.6854798793792725
159,TSPB.csv,"[25, 134, 154, 112, 131, 103, 38, 101, 179, 197, 183, 34, 5, 128, 66, 169, 122, 143, 121, 127, 24, 50, 99, 137, 146, 57, 77, 0, 135, 198, 95, 74, 172, 182, 2, 163, 40, 115, 63, 8, 14, 16, 52, 132, 12, 119, 71, 44, 162, 150, 117, 196, 82, 69, 113, 142, 130, 141, 148, 140, 188, 174, 51, 91, 156, 67, 114, 58, 89, 129, 64, 159, 147, 181, 189, 47, 170, 136, 61, 73, 185, 18, 29, 33, 120, 190, 19, 199, 79, 145, 157, 80, 153, 55, 88, 37, 165, 123, 194, 36]",267137,75024,3.3578238487243652
160,TSPB.csv,"[58, 114, 67, 158, 162, 150, 44, 117, 196, 192, 91, 70, 51, 174, 140, 148, 141, 130, 142, 113, 69, 115, 82, 63, 8, 14, 163, 182, 2, 5, 128, 66, 169, 34, 183, 197, 179, 143, 122, 127, 121, 31, 101, 38, 103, 131, 50, 152, 112, 154, 25, 36, 88, 55, 4, 153, 137, 146, 37, 165, 102, 116, 99, 15, 57, 80, 157, 160, 145, 79, 19, 190, 198, 135, 172, 16, 52, 18, 29, 168, 6, 33, 136, 73, 185, 132, 12, 107, 189, 181, 59, 119, 193, 71, 166, 129, 64, 147, 159, 89]",267484,73710,3.1166439056396484
161,TSPB.csv,"[71, 119, 59, 107, 12, 52, 132, 185, 73, 136, 33, 18, 16, 172, 95, 135, 198, 190, 19, 79, 145, 157, 80, 153, 55, 88, 137, 36, 25, 154, 112, 94, 50, 43, 99, 57, 0, 169, 66, 26, 92, 122, 143, 127, 24, 121, 131, 103, 38, 101, 31, 179, 197, 183, 34, 11, 5, 167, 133, 2, 182, 163, 40, 115, 8, 84, 63, 82, 69, 113, 32, 184, 13, 142, 130, 141, 148, 140, 161, 174, 51, 70, 91, 156, 155, 192, 196, 117, 44, 150, 162, 158, 126, 67, 114, 89, 129, 64, 159, 147]",275152,72599,3.5859298706054688
162,TSPB.csv,"[114, 85, 166, 71, 193, 119, 59, 107, 139, 196, 192, 117, 44, 150, 162, 67, 91, 70, 51, 174, 188, 140, 148, 141, 130, 142, 13, 30, 69, 113, 32, 96, 53, 84, 8, 63, 82, 20, 115, 163, 182, 2, 5, 34, 183, 197, 66, 169, 99, 50, 24, 121, 127, 122, 143, 179, 31, 101, 38, 103, 131, 152, 112, 154, 134, 25, 36, 165, 37, 137, 88, 153, 80, 157, 145, 79, 136, 73, 33, 19, 190, 198, 135, 172, 16, 18, 185, 132, 52, 12, 189, 170, 181, 147, 159, 64, 129, 89, 58, 72]",279920,72141,3.076709747314453
163,TSPB.csv,"[192, 3, 156, 91, 70, 51, 174, 140, 148, 141, 130, 142, 53, 113, 69, 115, 82, 63, 8, 40, 2, 182, 172, 16, 14, 195, 52, 65, 132, 18, 29, 33, 19, 190, 198, 135, 169, 66, 5, 34, 183, 197, 179, 31, 101, 38, 103, 131, 121, 143, 122, 127, 24, 108, 50, 154, 25, 36, 165, 88, 55, 4, 153, 137, 99, 15, 57, 80, 157, 145, 79, 136, 73, 185, 170, 181, 189, 12, 107, 59, 119, 71, 44, 196, 117, 150, 162, 166, 110, 85, 129, 64, 147, 159, 89, 58, 171, 114, 67, 78]",255215,73611,3.3930411338806152
164,TSPB.csv,"[107, 97, 59, 119, 71, 44, 196, 191, 192, 117, 150, 162, 158, 155, 156, 67, 114, 171, 58, 89, 129, 64, 159, 147, 181, 87, 109, 189, 47, 170, 10, 136, 61, 73, 33, 29, 19, 190, 198, 135, 175, 57, 80, 157, 79, 145, 153, 55, 88, 36, 25, 154, 165, 37, 137, 99, 169, 66, 197, 122, 143, 179, 121, 127, 24, 131, 103, 38, 101, 31, 183, 34, 5, 2, 115, 69, 113, 32, 149, 141, 148, 140, 51, 91, 174, 130, 142, 13, 53, 82, 63, 8, 172, 16, 65, 52, 18, 185, 132, 12]",257778,75095,3.201050043106079
165,TSPB.csv,"[12, 107, 97, 139, 84, 8, 63, 82, 115, 172, 16, 65, 52, 18, 132, 185, 170, 90, 136, 61, 73, 33, 168, 19, 190, 198, 135, 66, 169, 0, 57, 80, 157, 145, 153, 55, 88, 36, 25, 134, 154, 165, 37, 137, 99, 50, 122, 143, 127, 24, 121, 131, 103, 38, 101, 31, 179, 197, 183, 34, 178, 5, 105, 2, 133, 182, 163, 69, 113, 53, 141, 148, 140, 70, 91, 51, 174, 130, 142, 192, 196, 117, 44, 150, 162, 156, 67, 114, 166, 71, 119, 59, 64, 129, 89, 159, 147, 181, 189, 109]",258748,72646,3.184575080871582
166,TSPB.csv,"[34, 183, 197, 31, 101, 38, 103, 131, 93, 112, 154, 134, 25, 36, 186, 165, 37, 88, 55, 4, 153, 137, 102, 99, 43, 50, 24, 127, 121, 179, 143, 122, 92, 26, 128, 144, 66, 169, 15, 57, 135, 198, 190, 19, 86, 80, 157, 145, 79, 136, 73, 33, 18, 16, 52, 132, 185, 12, 107, 59, 119, 71, 166, 87, 189, 170, 181, 147, 159, 64, 129, 89, 114, 44, 196, 117, 150, 162, 67, 3, 156, 91, 70, 51, 174, 140, 148, 141, 130, 142, 69, 115, 82, 63, 8, 172, 95, 182, 2, 5]",271430,74221,3.1514220237731934
167,TSPB.csv,"[12, 107, 97, 196, 117, 192, 91, 70, 51, 174, 140, 148, 141, 130, 142, 82, 115, 63, 8, 163, 182, 2, 133, 95, 172, 16, 52, 132, 18, 29, 33, 6, 19, 190, 198, 135, 175, 169, 66, 27, 26, 5, 34, 183, 197, 122, 143, 179, 31, 101, 38, 103, 121, 127, 24, 50, 152, 112, 154, 134, 25, 36, 123, 165, 37, 99, 57, 146, 137, 88, 55, 4, 153, 80, 157, 145, 79, 136, 61, 10, 73, 185, 189, 170, 181, 147, 159, 64, 129, 89, 85, 114, 67, 162, 150, 44, 71, 193, 119, 59]",271872,72736,3.527108907699585
168,TSPB.csv,"[91, 70, 51, 174, 161, 188, 140, 148, 141, 130, 142, 53, 32, 113, 69, 30, 115, 82, 63, 8, 40, 16, 106, 172, 95, 163, 182, 2, 133, 167, 5, 34, 183, 197, 179, 121, 24, 127, 143, 122, 92, 128, 66, 169, 135, 198, 15, 57, 99, 50, 112, 154, 134, 25, 36, 194, 165, 37, 102, 137, 88, 55, 4, 153, 160, 80, 157, 145, 79, 190, 19, 29, 33, 136, 61, 73, 185, 132, 18, 52, 12, 189, 181, 147, 159, 64, 129, 89, 58, 72, 114, 119, 71, 44, 196, 117, 150, 162, 67, 156]",271291,75567,3.4323840141296387
169,TSPB.csv,"[99, 43, 50, 131, 103, 38, 101, 31, 121, 24, 127, 122, 143, 179, 183, 34, 5, 133, 2, 182, 163, 115, 63, 82, 53, 149, 141, 130, 148, 140, 70, 91, 51, 174, 142, 138, 60, 196, 192, 156, 67, 114, 58, 129, 89, 159, 64, 85, 162, 150, 117, 44, 71, 119, 59, 107, 12, 189, 181, 170, 136, 73, 33, 29, 18, 81, 185, 132, 52, 84, 8, 14, 16, 172, 95, 135, 198, 190, 19, 120, 79, 145, 157, 153, 4, 55, 88, 36, 25, 154, 165, 37, 137, 56, 80, 46, 57, 0, 169, 66]",269278,74760,3.2589337825775146
170,TSPB.csv,"[34, 183, 197, 122, 143, 179, 31, 101, 121, 127, 24, 131, 50, 99, 112, 154, 25, 36, 165, 37, 137, 88, 55, 153, 145, 79, 157, 80, 57, 169, 66, 135, 198, 190, 19, 33, 136, 73, 81, 185, 76, 170, 100, 189, 181, 147, 159, 64, 129, 89, 58, 85, 28, 59, 119, 71, 44, 196, 117, 150, 162, 110, 114, 67, 155, 156, 91, 70, 51, 174, 161, 140, 148, 141, 130, 142, 21, 82, 69, 113, 115, 40, 63, 8, 14, 84, 139, 107, 12, 52, 132, 18, 29, 16, 172, 95, 163, 182, 2, 5]",266902,73860,3.551365852355957
171,TSPB.csv,"[86, 79, 145, 180, 157, 80, 153, 55, 88, 137, 165, 36, 25, 134, 154, 112, 50, 92, 26, 122, 143, 179, 121, 127, 24, 131, 103, 38, 101, 31, 197, 183, 34, 5, 2, 182, 163, 172, 16, 8, 63, 82, 115, 30, 69, 113, 32, 21, 192, 142, 130, 141, 148, 140, 174, 51, 91, 156, 67, 114, 162, 150, 117, 196, 44, 71, 119, 129, 89, 64, 159, 147, 181, 189, 107, 12, 52, 18, 132, 185, 73, 61, 136, 33, 168, 22, 95, 167, 178, 128, 66, 169, 99, 57, 175, 135, 198, 190, 19, 120]",254779,75674,3.230095148086548
172,TSPB.csv,"[91, 70, 51, 174, 140, 148, 141, 130, 142, 53, 82, 63, 115, 2, 182, 172, 95, 190, 198, 135, 57, 99, 0, 164, 169, 66, 26, 167, 5, 34, 183, 197, 92, 122, 143, 179, 127, 24, 121, 31, 101, 42, 38, 103, 131, 50, 152, 112, 154, 134, 25, 36, 165, 37, 137, 88, 55, 153, 80, 157, 145, 33, 18, 16, 8, 52, 132, 185, 81, 73, 61, 136, 170, 181, 189, 47, 12, 107, 59, 119, 71, 44, 124, 147, 159, 64, 129, 89, 58, 171, 85, 114, 162, 150, 117, 196, 192, 67, 3, 156]",257823,72018,3.371544122695923
173,TSPB.csv,"[107, 12, 132, 185, 177, 33, 73, 61, 136, 170, 47, 189, 181, 147, 159, 64, 129, 89, 85, 114, 67, 3, 156, 91, 70, 51, 174, 140, 148, 141, 130, 142, 13, 53, 32, 113, 69, 115, 82, 63, 8, 40, 163, 2, 182, 172, 198, 135, 169, 66, 34, 183, 197, 143, 179, 31, 101, 121, 24, 127, 122, 92, 164, 15, 57, 99, 50, 112, 154, 134, 25, 36, 165, 137, 88, 55, 4, 153, 80, 157, 180, 145, 79, 190, 19, 29, 18, 16, 65, 52, 196, 192, 117, 150, 162, 44, 71, 119, 59, 97]",266597,74562,3.412937879562378
174,TSPB.csv,"[50, 24, 127, 121, 103, 38, 101, 31, 179, 143, 122, 197, 183, 34, 26, 169, 66, 128, 5, 2, 182, 163, 172, 95, 135, 198, 190, 19, 22, 29, 18, 65, 16, 8, 84, 63, 82, 115, 69, 113, 32, 184, 53, 13, 142, 130, 141, 148, 140, 161, 174, 51, 91, 156, 67, 162, 150, 117, 196, 44, 71, 114, 85, 72, 58, 89, 129, 64, 159, 147, 181, 100, 170, 189, 107, 12, 52, 132, 185, 76, 73, 61, 136, 33, 79, 145, 157, 80, 153, 88, 36, 25, 134, 154, 112, 165, 37, 137, 57, 99]",272230,73210,3.4522159099578857
175,TSPB.csv,"[136, 61, 33, 29, 168, 19, 190, 145, 157, 80, 153, 55, 88, 36, 25, 134, 154, 165, 37, 137, 57, 99, 50, 24, 127, 121, 103, 38, 101, 31, 179, 143, 122, 197, 183, 34, 2, 5, 66, 169, 135, 198, 95, 74, 172, 8, 20, 115, 113, 32, 184, 69, 82, 63, 195, 52, 12, 59, 119, 71, 44, 162, 150, 117, 196, 192, 60, 138, 142, 130, 141, 148, 140, 188, 174, 51, 70, 91, 156, 67, 114, 166, 58, 89, 129, 64, 159, 147, 87, 181, 170, 189, 47, 185, 132, 16, 18, 177, 73, 90]",281284,75741,3.423027276992798
176,TSPB.csv,"[137, 37, 165, 154, 134, 25, 36, 88, 55, 4, 153, 80, 157, 145, 136, 73, 33, 29, 18, 185, 47, 189, 170, 181, 147, 159, 64, 129, 89, 72, 114, 71, 59, 119, 193, 44, 196, 192, 117, 150, 162, 126, 67, 3, 156, 91, 51, 174, 140, 148, 141, 130, 142, 53, 32, 113, 69, 115, 82, 63, 8, 84, 139, 97, 107, 12, 132, 52, 65, 16, 172, 163, 17, 2, 182, 133, 167, 19, 190, 198, 135, 169, 66, 5, 34, 183, 197, 122, 143, 179, 31, 101, 38, 103, 121, 127, 24, 50, 99, 57]",266241,70756,3.4891390800476074
177,TSPB.csv,"[67, 126, 158, 155, 192, 196, 117, 150, 162, 44, 71, 114, 85, 72, 171, 58, 89, 129, 64, 159, 147, 59, 119, 193, 97, 107, 12, 52, 65, 132, 185, 73, 136, 79, 145, 157, 80, 153, 55, 88, 36, 25, 134, 154, 165, 37, 137, 57, 46, 135, 169, 66, 99, 50, 103, 38, 101, 31, 121, 24, 127, 122, 143, 179, 197, 183, 34, 128, 5, 133, 2, 182, 95, 198, 190, 19, 33, 29, 18, 16, 172, 8, 63, 82, 115, 69, 53, 13, 142, 130, 141, 148, 140, 161, 174, 51, 70, 91, 156, 45]",276400,71288,3.420498847961426
178,TSPB.csv,"[117, 196, 192, 138, 142, 130, 161, 174, 51, 91, 70, 188, 140, 148, 141, 13, 53, 82, 115, 63, 8, 14, 16, 65, 52, 132, 185, 18, 29, 33, 19, 190, 95, 172, 182, 2, 5, 66, 122, 143, 179, 197, 183, 34, 31, 101, 38, 103, 131, 125, 24, 121, 127, 50, 99, 57, 169, 135, 198, 56, 137, 37, 165, 154, 25, 36, 88, 55, 4, 153, 80, 157, 180, 145, 79, 136, 73, 170, 181, 87, 189, 109, 12, 107, 59, 119, 71, 44, 150, 162, 64, 147, 159, 89, 129, 58, 114, 67, 156, 3]",288143,73721,3.07767915725708
179,TSPB.csv,"[91, 70, 51, 174, 140, 148, 141, 130, 142, 53, 69, 115, 82, 63, 8, 14, 52, 18, 29, 16, 172, 95, 19, 190, 198, 135, 0, 57, 77, 99, 111, 164, 169, 66, 128, 5, 34, 183, 197, 92, 122, 143, 179, 101, 38, 103, 121, 127, 24, 50, 94, 112, 154, 134, 25, 36, 123, 165, 37, 102, 137, 56, 88, 55, 4, 153, 80, 157, 145, 151, 79, 136, 61, 73, 185, 132, 12, 107, 189, 170, 181, 147, 159, 64, 129, 89, 58, 114, 59, 119, 71, 44, 196, 192, 117, 150, 162, 67, 45, 156]",270903,72783,3.6095950603485107
180,TSPB.csv,"[8, 14, 16, 172, 95, 190, 19, 79, 145, 157, 80, 153, 55, 88, 137, 37, 165, 36, 25, 154, 112, 103, 38, 101, 179, 197, 183, 34, 92, 122, 143, 121, 127, 24, 50, 99, 57, 198, 135, 169, 66, 5, 133, 75, 182, 2, 163, 115, 113, 69, 82, 63, 138, 142, 13, 130, 141, 148, 140, 161, 174, 51, 70, 91, 156, 3, 9, 21, 192, 155, 191, 196, 117, 44, 150, 162, 67, 114, 85, 72, 58, 89, 129, 64, 159, 147, 181, 59, 119, 71, 107, 12, 132, 185, 73, 136, 33, 18, 52, 84]",261866,74633,3.3301119804382324
181,TSPB.csv,"[192, 155, 162, 150, 117, 196, 44, 71, 119, 59, 107, 195, 8, 63, 82, 115, 40, 163, 182, 2, 5, 34, 31, 101, 38, 103, 121, 24, 127, 122, 143, 179, 197, 183, 66, 169, 135, 57, 99, 50, 154, 25, 36, 165, 37, 137, 88, 55, 4, 153, 80, 157, 145, 136, 73, 33, 29, 177, 185, 18, 168, 19, 190, 198, 95, 172, 16, 65, 52, 132, 12, 109, 189, 47, 170, 181, 147, 159, 64, 129, 89, 58, 85, 110, 114, 67, 78, 156, 91, 70, 51, 174, 161, 188, 140, 148, 141, 130, 142, 21]",270593,72594,3.488572835922241
182,TSPB.csv,"[12, 107, 104, 59, 119, 193, 71, 166, 147, 159, 64, 129, 89, 58, 171, 114, 124, 44, 196, 192, 117, 150, 162, 158, 67, 45, 156, 91, 70, 51, 174, 140, 148, 141, 130, 142, 96, 32, 113, 69, 115, 82, 63, 8, 40, 16, 172, 95, 163, 182, 2, 133, 5, 66, 169, 34, 183, 197, 122, 143, 179, 31, 101, 38, 103, 121, 127, 99, 137, 37, 165, 154, 134, 25, 36, 88, 153, 80, 157, 145, 135, 198, 190, 19, 33, 29, 18, 52, 132, 185, 73, 61, 136, 90, 170, 181, 87, 189, 47, 109]",260102,73717,3.1488101482391357
183,TSPB.csv,"[9, 21, 142, 130, 174, 91, 51, 140, 148, 141, 82, 115, 63, 8, 16, 52, 84, 139, 107, 12, 76, 185, 132, 18, 29, 33, 19, 190, 46, 135, 198, 95, 172, 182, 2, 5, 128, 66, 169, 34, 183, 197, 122, 143, 179, 31, 101, 38, 103, 121, 127, 24, 50, 99, 57, 137, 37, 165, 123, 154, 134, 25, 36, 88, 55, 4, 153, 80, 157, 145, 79, 136, 61, 73, 170, 181, 189, 59, 119, 193, 71, 28, 147, 159, 64, 129, 89, 58, 114, 126, 67, 156, 162, 150, 44, 117, 196, 191, 60, 192]",254061,74517,3.278061866760254
184,TSPB.csv,"[87, 187, 181, 170, 189, 12, 132, 185, 18, 52, 8, 63, 82, 40, 16, 29, 33, 73, 61, 136, 145, 19, 190, 198, 135, 57, 99, 137, 80, 157, 153, 88, 165, 36, 25, 134, 154, 112, 152, 50, 24, 127, 122, 143, 179, 121, 103, 38, 101, 31, 197, 183, 34, 5, 128, 66, 169, 95, 172, 182, 2, 48, 115, 69, 113, 142, 130, 141, 148, 140, 188, 161, 174, 51, 70, 91, 156, 192, 196, 117, 150, 44, 193, 119, 59, 71, 124, 162, 126, 67, 114, 110, 72, 85, 58, 89, 129, 64, 159, 147]",262448,73872,2.639225959777832
185,TSPB.csv,"[136, 61, 73, 185, 12, 107, 59, 119, 71, 166, 129, 64, 147, 159, 89, 58, 171, 85, 114, 126, 67, 78, 156, 91, 70, 51, 174, 161, 140, 148, 141, 130, 142, 192, 162, 150, 44, 117, 196, 84, 63, 82, 69, 32, 113, 115, 20, 40, 8, 65, 52, 132, 18, 16, 172, 95, 163, 182, 2, 133, 5, 34, 183, 197, 31, 101, 38, 103, 24, 127, 121, 179, 143, 122, 26, 66, 169, 99, 50, 102, 41, 137, 37, 165, 154, 134, 25, 36, 88, 55, 153, 80, 157, 145, 135, 198, 190, 19, 6, 33]",264667,72990,2.969237804412842
186,TSPB.csv,"[99, 116, 43, 50, 24, 127, 121, 143, 179, 31, 101, 38, 103, 154, 25, 36, 165, 37, 137, 88, 55, 4, 153, 80, 157, 145, 79, 136, 73, 170, 100, 181, 87, 147, 159, 35, 64, 129, 89, 58, 171, 72, 85, 166, 59, 119, 71, 114, 67, 156, 158, 162, 150, 44, 117, 196, 192, 142, 174, 140, 148, 130, 141, 82, 63, 8, 115, 2, 182, 5, 167, 95, 172, 16, 18, 132, 52, 139, 107, 12, 109, 189, 185, 29, 33, 19, 190, 198, 135, 57, 0, 169, 66, 128, 34, 183, 197, 122, 92, 111]",256171,74780,2.896260976791382
187,TSPB.csv,"[33, 29, 16, 172, 95, 74, 163, 182, 2, 5, 34, 183, 197, 31, 101, 38, 103, 121, 127, 179, 143, 122, 66, 169, 135, 198, 19, 190, 46, 57, 99, 137, 37, 165, 154, 134, 25, 36, 88, 55, 153, 80, 157, 180, 145, 79, 136, 61, 73, 10, 170, 189, 181, 147, 159, 64, 129, 89, 58, 114, 67, 126, 158, 155, 156, 91, 51, 174, 140, 148, 141, 130, 142, 96, 32, 113, 69, 115, 82, 63, 8, 21, 192, 196, 117, 150, 162, 44, 71, 119, 59, 139, 107, 12, 185, 132, 52, 65, 18, 177]",270717,73844,3.220900774002075
188,TSPB.csv,"[78, 3, 156, 45, 67, 126, 114, 85, 58, 89, 129, 64, 159, 147, 87, 181, 189, 170, 61, 136, 79, 145, 157, 80, 88, 137, 165, 37, 99, 50, 24, 127, 121, 103, 38, 101, 179, 143, 122, 92, 197, 183, 34, 5, 133, 2, 182, 163, 172, 95, 198, 135, 66, 169, 57, 190, 19, 33, 73, 185, 132, 18, 29, 16, 40, 115, 30, 69, 113, 32, 96, 82, 63, 8, 65, 52, 12, 107, 59, 119, 193, 71, 44, 196, 138, 142, 130, 141, 148, 140, 70, 91, 51, 174, 21, 192, 117, 150, 162, 158]",277306,75181,3.2850911617279053
189,TSPB.csv,"[192, 21, 138, 60, 196, 117, 44, 150, 162, 158, 67, 114, 166, 85, 58, 89, 129, 64, 159, 147, 59, 119, 71, 84, 63, 8, 14, 16, 168, 81, 185, 132, 18, 52, 107, 12, 47, 189, 181, 170, 90, 10, 136, 61, 73, 33, 86, 79, 145, 157, 80, 153, 4, 55, 88, 36, 25, 154, 165, 37, 137, 57, 99, 127, 24, 121, 103, 38, 101, 31, 179, 143, 122, 197, 183, 34, 5, 66, 169, 135, 198, 190, 19, 95, 172, 40, 115, 82, 69, 53, 142, 130, 141, 148, 140, 174, 51, 70, 91, 156]",264557,73708,3.0958058834075928
190,TSPB.csv,"[8, 63, 82, 115, 163, 182, 2, 133, 5, 26, 197, 183, 34, 31, 101, 38, 179, 143, 122, 127, 121, 24, 50, 112, 154, 134, 25, 36, 194, 165, 37, 146, 137, 88, 55, 153, 157, 80, 57, 99, 0, 169, 66, 135, 198, 118, 95, 172, 16, 18, 177, 29, 33, 19, 190, 145, 79, 136, 61, 73, 185, 132, 189, 170, 181, 176, 147, 159, 64, 129, 89, 58, 72, 114, 67, 156, 91, 70, 51, 174, 140, 148, 141, 130, 142, 21, 192, 196, 117, 150, 162, 44, 71, 166, 119, 59, 107, 12, 52, 14]",268222,72635,3.3681979179382324
191,TSPB.csv,"[52, 132, 18, 177, 29, 33, 6, 199, 120, 19, 190, 198, 135, 95, 172, 16, 14, 8, 63, 82, 115, 163, 182, 2, 5, 34, 183, 197, 179, 31, 101, 38, 103, 121, 24, 127, 143, 122, 66, 169, 98, 0, 57, 77, 99, 50, 112, 154, 134, 25, 36, 165, 37, 102, 137, 88, 55, 4, 153, 160, 180, 80, 157, 145, 79, 136, 61, 73, 185, 189, 181, 147, 159, 64, 129, 89, 58, 72, 114, 67, 91, 51, 174, 140, 148, 141, 130, 142, 192, 196, 117, 150, 162, 44, 71, 193, 119, 59, 107, 12]",248063,73918,3.457376718521118
192,TSPB.csv,"[5, 11, 128, 178, 144, 66, 169, 164, 0, 57, 99, 50, 24, 127, 121, 179, 143, 122, 26, 197, 183, 34, 31, 101, 38, 103, 131, 112, 154, 134, 25, 36, 137, 88, 55, 153, 80, 157, 145, 136, 73, 170, 189, 181, 147, 159, 64, 129, 89, 58, 85, 114, 67, 156, 91, 51, 174, 161, 188, 140, 148, 141, 130, 13, 142, 21, 192, 196, 117, 155, 162, 150, 44, 71, 119, 59, 139, 107, 12, 132, 185, 18, 29, 19, 190, 198, 135, 95, 172, 16, 52, 8, 63, 82, 115, 40, 163, 182, 2, 167]",277586,72422,3.216513156890869
193,TSPB.csv,"[21, 192, 138, 142, 130, 141, 148, 140, 161, 174, 83, 51, 70, 91, 39, 156, 3, 67, 126, 114, 58, 89, 129, 64, 159, 181, 170, 189, 12, 185, 132, 52, 16, 18, 29, 33, 73, 61, 136, 79, 145, 157, 80, 153, 4, 55, 88, 36, 25, 154, 165, 37, 137, 102, 99, 50, 103, 38, 101, 31, 179, 121, 24, 127, 143, 122, 92, 197, 183, 34, 5, 66, 169, 0, 57, 135, 198, 190, 172, 182, 2, 69, 115, 82, 63, 8, 84, 107, 139, 59, 119, 71, 44, 117, 150, 162, 155, 60, 196, 191]",264366,74380,3.2313568592071533
194,TSPB.csv,"[136, 61, 73, 185, 132, 189, 170, 181, 147, 159, 89, 129, 64, 59, 119, 71, 44, 196, 117, 150, 162, 158, 114, 67, 156, 91, 70, 51, 174, 140, 148, 141, 130, 142, 53, 69, 115, 20, 82, 63, 8, 7, 97, 107, 12, 52, 18, 16, 172, 95, 163, 182, 2, 133, 167, 5, 144, 178, 128, 34, 183, 197, 143, 179, 31, 101, 38, 103, 121, 24, 127, 122, 66, 169, 57, 146, 99, 50, 152, 94, 112, 154, 134, 25, 36, 165, 37, 137, 88, 55, 153, 80, 157, 145, 135, 198, 190, 19, 29, 33]",263651,72556,3.32946515083313
195,TSPB.csv,"[154, 134, 25, 36, 194, 165, 37, 102, 137, 88, 55, 153, 145, 157, 80, 57, 99, 0, 135, 198, 190, 136, 73, 185, 47, 189, 170, 181, 147, 159, 64, 129, 89, 58, 171, 85, 166, 110, 114, 67, 158, 162, 150, 44, 71, 59, 119, 193, 117, 196, 60, 192, 142, 174, 51, 91, 70, 140, 148, 130, 141, 53, 82, 115, 40, 63, 8, 195, 52, 107, 12, 132, 18, 16, 172, 95, 182, 2, 5, 128, 66, 169, 26, 34, 183, 197, 122, 143, 179, 31, 101, 38, 103, 121, 127, 24, 50, 152, 94, 112]",265894,71457,2.7249059677124023
196,TSPB.csv,"[165, 37, 88, 55, 153, 145, 157, 80, 137, 57, 164, 169, 66, 144, 135, 198, 190, 19, 199, 95, 172, 16, 65, 132, 185, 18, 29, 6, 33, 73, 61, 136, 170, 189, 181, 147, 159, 64, 129, 89, 114, 67, 162, 150, 192, 196, 117, 44, 71, 193, 119, 59, 12, 52, 14, 8, 84, 138, 142, 130, 174, 91, 51, 140, 148, 141, 53, 113, 69, 115, 82, 63, 163, 182, 2, 105, 167, 5, 34, 183, 197, 143, 179, 121, 31, 101, 38, 103, 24, 127, 122, 99, 50, 112, 154, 134, 25, 36, 194, 123]",288162,75617,2.7355830669403076
197,TSPB.csv,"[145, 79, 157, 80, 57, 99, 66, 169, 135, 198, 190, 19, 136, 61, 73, 185, 132, 29, 18, 52, 139, 97, 107, 12, 189, 170, 181, 147, 159, 64, 129, 89, 58, 171, 85, 59, 119, 193, 71, 110, 114, 67, 162, 150, 44, 117, 196, 192, 91, 70, 51, 174, 140, 148, 141, 130, 142, 113, 69, 115, 82, 63, 8, 16, 172, 95, 182, 2, 105, 11, 5, 128, 34, 183, 197, 143, 122, 127, 179, 31, 101, 38, 103, 121, 24, 50, 112, 154, 134, 25, 36, 165, 37, 146, 137, 88, 55, 4, 153, 180]",268736,71306,2.8277432918548584
198,TSPB.csv,"[57, 77, 99, 116, 111, 92, 197, 183, 128, 178, 133, 182, 2, 5, 34, 31, 101, 38, 103, 121, 179, 143, 122, 127, 24, 50, 154, 134, 25, 36, 165, 37, 137, 88, 55, 4, 153, 80, 157, 145, 151, 79, 136, 61, 73, 185, 189, 170, 181, 147, 159, 64, 129, 89, 58, 114, 67, 45, 156, 91, 70, 51, 174, 140, 148, 141, 130, 13, 142, 192, 196, 117, 150, 162, 44, 71, 119, 59, 12, 132, 18, 52, 8, 63, 82, 96, 32, 184, 113, 69, 115, 40, 16, 172, 95, 190, 198, 135, 66, 169]",272664,74399,2.5026168823242188
199,TSPB.csv,"[172, 74, 95, 198, 135, 175, 169, 66, 5, 34, 183, 197, 122, 143, 179, 31, 101, 38, 103, 131, 121, 127, 24, 50, 99, 137, 165, 154, 25, 36, 88, 55, 153, 80, 157, 145, 190, 19, 199, 33, 168, 29, 18, 132, 185, 73, 61, 136, 170, 189, 181, 147, 159, 64, 129, 89, 58, 72, 114, 67, 91, 51, 174, 140, 148, 141, 130, 142, 138, 192, 196, 117, 44, 150, 162, 158, 166, 71, 119, 59, 139, 107, 12, 52, 65, 16, 14, 8, 63, 20, 82, 69, 113, 115, 40, 163, 17, 2, 182, 54]",268516,74703,2.3706140518188477
